0,1,2,3,4,5,6,7,8,9,10
10.278091,3.3988948,9.478611,2.4479003,1.758637,12.774506,2.3211393,3.4145892,6.950036,2.3141778,10.349038
9.9828,3.0280023,10.706164,3.4146159,0.5188577,10.676746,4.3949986,3.2317195,4.558192,0.0,9.395259
6.6200113,1.9759982,13.006805,2.259116,1.585119,13.606894,3.2118828,6.6929317,11.104966,2.434431,8.804193
8.241601,2.35804,14.413733,2.8106244,0.8575051,12.638834,4.3492517,1.0665653,7.4052925,2.9787545,7.742003
9.01452,4.9147105,12.594343,2.9923468,1.6200616,14.849039,2.6656058,1.9140768,11.667457,2.4350138,9.133986
4.409255,2.0456955,10.450373,2.989369,0.6028246,9.154385,2.8774705,4.6323013,8.021791,1.2532053,6.983616
5.7954903,3.6432118,8.865698,2.575793,0.31962693,12.157612,4.601578,4.2974033,9.865873,2.04675,8.556933
8.01639,2.9330409,9.174468,2.249873,0.79158264,13.354485,2.3100648,1.2989132,8.9857025,3.5778444,9.474499
9.48436,5.538459,13.394205,1.7877994,1.392858,12.851378,5.401653,4.565238,9.083179,2.379662,8.803537
8.134132,1.7447889,11.894266,2.5921247,1.9933372,15.655977,4.7335477,3.422402,12.328341,3.0528228,8.614716
8.438471,4.5347385,15.946147,2.9324713,1.8030077,12.648031,2.8665998,5.0458674,10.728983,2.4089446,9.064794
8.875341,3.695365,10.470257,1.8795089,1.425419,11.183226,1.2097297,4.6845865,5.632893,3.0173771,10.117683
8.302105,1.3073516,12.135832,1.7071757,1.7451184,13.675343,2.8605843,3.2442422,7.1042957,4.898057,10.000682
7.0713844,4.5944457,11.6488695,2.291741,0.0,12.533389,3.3421316,3.5402656,9.696771,2.3752246,9.393109
8.304006,2.2927942,10.406302,2.1986232,2.0966828,13.953798,3.807966,3.1085536,10.623405,3.0663762,8.15745
6.467738,3.9608874,9.113018,1.5065011,1.266299,12.308711,2.8318214,4.4308743,11.319236,4.1934166,7.525093
8.07095,2.9740362,15.044259,4.1144404,1.5027869,13.283354,3.7363338,1.2549708,11.033293,1.8016579,8.089013
8.584066,5.5137043,14.146115,1.3660002,2.0388122,13.229925,2.9199934,4.8724356,9.634073,3.3622508,9.076013
7.588006,2.306436,12.792454,1.8318086,1.2142458,11.965189,3.2898006,2.1248736,6.1054225,4.010427,7.4561543
8.68113,2.2904294,9.722734,2.0061846,2.0771048,13.75066,4.035061,3.7790744,9.808985,3.5906801,8.535649
8.056702,3.3508902,11.185131,1.4490256,1.6283245,10.691468,3.1787024,2.2165046,6.286827,4.056984,7.2105207
11.676911,2.9971263,13.848744,2.4645863,2.1819654,16.097168,3.3408234,4.2195644,10.56831,2.4855866,11.224611
9.327845,2.7972672,13.0218115,2.4452643,1.8108217,13.362028,1.4954162,3.7489452,9.3875675,3.434567,10.857389
5.6944723,4.5888767,9.574859,2.2832294,0.48704422,12.411524,4.0116963,5.626923,12.2099495,3.636192,8.817567
6.461157,1.7758745,11.788269,3.2876987,1.3760566,10.572912,2.8600903,4.7881055,8.869528,1.2338176,8.187448
9.593952,4.129299,12.646653,2.8194199,1.0292203,12.8168545,4.492095,2.2297435,7.210127,1.3332493,7.354765
7.6264687,3.8036647,9.832781,1.917108,1.5371381,14.573875,3.20878,5.641213,12.494968,3.8168457,10.189935
8.169624,4.484235,10.062766,2.8001432,1.3856809,13.184437,2.9753613,1.447784,9.206976,1.5519016,7.9365163
7.581747,5.2829,14.470766,2.0961506,2.4775279,12.8680525,2.0480716,5.6726885,9.838625,3.1888642,8.025732
10.319981,2.1924572,12.5500965,3.1736913,1.8369539,11.266001,3.4995968,2.272381,6.11518,2.4347308,7.753524
5.867509,4.3950562,11.42181,2.4349203,0.0,10.446027,4.8049965,4.164626,8.22487,2.468203,8.171138
5.879548,3.589643,12.546812,2.9622462,1.2588134,7.9333744,1.609454,4.5202413,7.3561993,2.3252726,7.5763965
11.111195,4.0656543,12.6763525,2.282774,1.3160073,12.253214,3.7121444,4.0896473,8.81194,2.827674,10.4392395
7.0655875,3.935565,12.048224,2.4501898,1.183274,10.93218,1.3111403,2.4717183,6.6329575,3.825507,9.66926
7.0473776,5.2195415,11.372946,1.3801216,0.71390873,13.010536,1.4381701,6.0621996,6.8432417,2.4270782,9.700149
9.013826,4.933878,15.036259,1.481177,1.0068829,16.957762,3.5275195,4.3998256,10.847029,2.3139424,9.678426
7.450636,4.0703125,11.660564,2.094663,0.19713414,12.413279,2.9320438,4.070711,9.195507,2.9334702,9.521259
8.143464,3.4107275,11.745759,3.3353798,0.95612955,15.061452,3.4244938,1.0200658,11.199679,3.335463,9.639255
10.508774,2.6736293,12.937576,2.1372592,1.954094,14.008679,1.5219828,2.7541904,8.153002,3.563241,10.638244
4.6896267,1.2472708,10.303048,3.171252,0.8173408,10.306459,2.4423978,3.7925076,9.355495,2.1018696,7.8931737
7.310729,2.5136974,12.034652,2.0731618,1.2394328,12.225271,4.2273774,2.2405977,7.8375072,4.3748717,7.894276
7.1236773,4.1035347,12.475651,3.6019907,2.135487,9.902951,1.2097659,2.9535687,9.152396,3.6330998,8.202608
5.388298,2.0246336,10.886997,3.208138,1.0544543,11.170557,3.0227807,5.0170245,9.728149,1.4105759,8.673642
5.0926857,1.7354715,13.655116,2.290082,1.0114361,12.847837,2.68621,6.595027,10.253614,2.580384,8.868083
7.0111237,4.292954,12.591635,1.8762717,0.0,12.611387,3.2930598,4.4950633,9.189692,3.2446892,9.782171
9.384741,2.6284976,12.753832,2.5475657,1.3301988,12.111429,3.994018,2.2363882,6.6107225,3.1917243,7.718692
6.420415,5.256045,12.004749,0.44362935,0.9168455,13.622192,0.85744727,6.66578,7.606183,3.4312153,9.479073
8.9521475,2.6378217,13.903531,2.2156506,1.0159395,13.212315,4.3959894,2.8667872,7.374359,3.242348,8.398495
8.495892,1.7359765,9.635408,2.0663874,2.0599625,14.026192,2.8542042,3.1356804,10.488948,3.560491,9.542269
4.8461018,4.4512215,11.76526,1.6373137,0.66342926,10.113106,1.8720858,4.5779133,7.9788704,3.8625185,7.506718
6.6001873,0.49489737,10.5012245,2.2519417,1.7094939,14.051308,3.2669353,2.9093719,12.245086,4.282645,8.309573
9.622583,4.884176,14.992855,2.334035,2.0153048,12.199696,2.382023,3.6975508,6.76649,2.876418,10.048483
6.6060376,2.920497,9.87261,2.9815054,1.5422318,13.803995,5.026581,3.3560724,12.619262,3.3375585,8.2608
5.76719,1.7017179,12.050215,2.6909356,1.1867063,12.228901,2.8283696,5.1058707,9.362591,1.7810148,7.9489064
5.0895805,0.5057753,8.016904,1.89991,1.3447764,13.77544,3.9159608,4.6079693,11.1693,2.7431612,7.522055
7.498397,2.4106371,14.349014,2.574199,0.9340246,13.0295725,3.651759,1.5494418,7.5160437,2.324417,7.1104183
4.4768953,1.6566081,10.933219,2.9045558,1.0259485,10.059888,1.9678963,5.241378,8.654356,1.6921055,7.489226
6.889861,4.847377,12.856186,2.5247636,0.7214502,13.835911,5.7758875,4.323947,11.301672,2.5333295,8.701626
9.122148,4.286149,12.190044,2.1400974,1.8723272,10.825047,3.660819,3.6620293,8.2178135,1.9567878,7.4682565
9.233757,5.036153,14.103589,2.1379628,1.7786646,11.351074,4.3134804,4.568858,7.658786,1.137012,7.200969
7.033327,4.085065,11.986973,1.6049144,0.20574188,11.500368,1.3931441,5.1363277,5.529582,2.8209262,10.30006
9.586437,3.1213775,11.865309,2.1885662,1.829834,13.24626,1.7582706,1.4051454,7.0538816,3.0464122,9.428848
11.055279,2.7371817,12.627071,2.5935483,1.8987923,10.761565,3.9900904,3.372299,6.139919,3.1237948,8.385103
6.5093565,1.8180902,13.280529,3.056074,1.5940087,12.4564705,2.8850348,5.996479,10.733497,1.9658839,8.695881
6.9882503,4.02155,13.789797,2.7682564,0.8334359,10.758605,4.0763874,4.9943385,9.811676,2.5369112,8.417819
10.818335,3.4195518,11.5904255,2.216223,1.6862507,14.3555155,2.1242046,3.6914937,8.085827,2.4704943,11.025065
9.55091,3.402946,11.072916,2.5326614,1.4096881,11.131497,2.272719,2.7460241,6.3140945,2.198966,9.875467
6.114736,4.729813,13.012195,2.7910213,1.361757,8.418807,2.0450833,3.8116243,6.7617188,3.0107102,7.746475
6.9034615,5.010107,12.659362,1.8514024,1.2285852,9.738898,2.422652,4.0014305,7.6849594,4.2769046,8.668644
6.440433,1.0503564,11.077124,2.726278,1.6922355,14.901505,4.127044,3.5028236,12.8420925,3.4846096,8.265515
5.3242292,2.196166,11.537809,2.6719067,1.1477983,12.054821,3.0927496,6.1347227,10.460512,1.7467002,8.568033
7.9476337,4.4527607,11.681289,1.5281687,1.7227771,10.400475,3.606178,3.6650143,8.411628,4.0696096,7.776137
7.310558,2.0425553,13.366051,2.2959874,0.82260764,12.923443,3.8975577,2.2368112,7.7069044,2.868784,7.4860544
7.447315,3.9569592,10.966531,2.0093808,1.6774327,13.157854,5.257223,3.793026,10.657628,2.8148258,6.417162
7.969086,2.9463782,12.076225,2.0399249,0.171,11.177788,3.5779958,1.537595,5.9942427,2.635749,9.139773
5.0375996,0.3975185,8.639369,2.3111343,1.459305,12.337335,2.5253785,4.783719,10.793944,2.6022766,7.387316
6.1533394,4.8938913,11.175371,0.55151135,1.0525203,12.695852,0.8253193,5.7619624,7.2704983,3.1812606,8.590789
8.655749,2.856183,13.701786,3.9857748,1.205073,13.637166,4.1702847,0.54636955,9.793213,1.2480643,8.454559
8.432628,2.9309893,11.983234,1.5263355,1.6191475,11.723389,3.4745452,2.325604,6.6766734,4.5521307,7.9048285
7.717165,4.46794,14.209055,2.135988,1.4271475,10.478496,2.3023403,5.412941,9.444866,3.5884194,9.891022
4.451707,1.6449933,8.778558,1.669977,0.0,12.391578,0.8152483,2.4341943,7.270614,3.270796,8.64585
8.049622,4.309219,12.103044,2.8075607,1.3863446,10.047142,4.1366816,3.4722323,7.7614026,0.8107853,6.716599
7.532463,5.545683,15.09989,1.9815714,1.5063262,11.763877,2.7196174,4.9803824,9.063633,3.6544437,9.282775
8.000885,3.108352,11.169251,2.0808718,1.4075117,13.935858,5.2798195,3.8606017,10.924711,3.220688,7.156905
7.414002,6.3659163,10.603741,1.8212785,1.4426612,13.459349,1.3871249,3.928918,11.6514435,4.397473,10.496579
8.362589,4.869028,12.384411,1.8914111,0.6833521,13.7702265,5.473258,5.346661,7.7728195,1.1139998,9.086564
8.167992,4.6708727,12.372145,3.21023,1.6155398,10.105692,3.6994352,3.230576,7.5528193,0.917079,7.441815
5.5823183,5.8399563,11.133201,0.7402449,0.60645986,13.236031,1.3975405,6.076534,7.846604,2.631817,8.228601
11.797319,5.1106505,12.118199,2.6409633,1.9103858,13.619425,4.550375,3.5440948,6.5279913,0.20107293,8.531156
5.7967577,4.397,8.903964,1.6643631,0.37979877,11.005201,1.4082673,5.363855,6.6040792,2.030981,8.474209
9.206079,5.3349733,9.429036,1.3017273,1.513477,12.382631,2.1674354,7.3745337,8.133045,2.7684402,10.063015
8.013433,4.0732937,9.2695675,1.7836363,1.3915964,10.909441,1.8025876,6.8770843,7.75606,2.8679647,10.247045
8.142177,5.292349,10.147985,0.8377148,1.7426867,11.675049,1.7697455,6.0994134,6.718838,2.7843785,8.282166
8.488195,2.2446713,11.945028,2.421587,1.5618813,11.480982,3.728042,1.3262439,6.13575,4.014492,7.6140933
6.814828,1.7597427,12.518048,3.169699,1.4083185,13.314154,3.1630585,4.951255,11.241167,1.7933613,8.705846
10.383496,3.6502383,12.805443,2.3351617,1.4826747,13.930098,3.0351439,4.0440664,7.918674,1.6619334,10.486523
9.994917,4.3935227,12.527471,1.7968014,1.5295665,16.232386,2.4213877,4.5818596,10.477,2.669191,11.931333
5.349017,0.99669975,11.954551,3.2306266,0.62980807,10.330074,3.4046006,1.1049635,6.083074,0.7926527,5.6159306
6.78563,1.0356791,11.085199,2.9060276,1.5522225,15.52474,4.3270617,3.586439,12.867046,2.93089,8.613637
8.440797,5.708563,11.55697,1.5175304,1.4792858,15.172991,2.6976008,5.939573,9.259718,1.7416589,9.503206
8.801577,6.179723,15.496052,2.678732,1.6056954,11.691059,3.0494273,4.7074347,9.289637,2.283966,10.046858
8.065688,5.0777216,13.807552,2.1751604,0.3246976,13.920821,3.6538506,4.439749,10.358998,2.3479838,9.5565
4.682803,4.2021947,12.86778,1.5477514,0.607342,12.093611,0.95240796,5.026186,7.616131,3.2182271,7.8608
7.2025614,3.148048,13.826659,2.5365283,1.0061983,10.365436,1.9468155,3.4284937,8.035562,3.9669335,8.99667
4.8540654,5.6932783,11.201212,2.1027396,0.44782186,11.216822,1.7455896,5.27362,9.398552,2.232357,7.8274293
6.3565583,1.5128572,11.25345,2.9012642,0.9544623,11.673472,3.4029303,5.5701704,8.931156,1.2136252,8.165049
7.407051,3.551597,10.413483,2.6234164,0.9192001,10.3516865,1.7628186,5.5339227,6.8802176,2.7277303,10.912111
6.241518,4.7306414,11.413242,3.1242719,0.6273376,9.803044,2.9455423,3.9315028,8.360487,1.8216293,7.4794207
8.060945,6.961918,12.300728,2.2767859,1.7643893,11.286154,2.7059295,5.9269934,11.335033,2.9634871,8.957854
8.132414,4.0750747,11.819628,1.4692719,1.6882,13.022604,2.032123,5.157944,7.517559,2.4535208,8.750048
7.3383656,5.7623243,14.197773,1.8391178,1.210131,11.67442,2.5601842,4.770196,9.583401,3.982607,10.024121
7.6757717,3.5612087,11.693339,1.2513473,0.67665976,11.192592,1.5335962,4.580275,5.2250457,3.3103178,9.387036
7.1423244,4.7279987,10.481969,1.780657,0.0,10.296031,3.7456393,4.1882224,8.262663,2.6224885,8.329393
9.389727,4.279398,12.74457,3.4094243,1.4072081,15.20019,3.3769572,1.0855331,12.006844,2.132232,9.324558
11.150005,2.339867,12.598775,2.4986932,1.8749666,14.860102,2.423029,3.5317974,8.338307,3.1213808,11.797253
7.1864977,4.110616,14.304701,3.7037427,1.1854221,11.0683775,2.684637,3.516095,9.683818,2.5257783,8.566145
7.592145,4.992777,9.099965,1.1488267,1.6268389,13.615995,2.321938,5.398101,11.173766,4.1320057,10.333832
5.8186617,5.296073,8.873153,1.1110386,0.6594258,11.188461,1.3766626,5.2655454,6.337478,2.3616738,7.5570154
5.4019613,1.4480938,11.918726,2.4118102,1.0145606,11.452763,2.880876,5.7711153,9.343756,2.0868416,8.059017
8.056313,2.0684924,8.76062,2.5621765,1.7889993,13.620808,3.7230859,2.301815,10.20224,2.919354,8.464369
7.418493,2.3399093,11.80518,2.696681,1.0021665,11.865737,1.9490523,2.2441988,8.387459,4.0320125,9.924189
7.8304114,5.0802355,13.164966,2.21311,0.5009643,12.8282585,5.504741,4.902755,8.815565,1.4524108,8.555441
6.1563673,1.1478645,9.879692,2.450029,1.2665418,13.239956,4.1494966,3.3099024,10.98558,2.861331,6.836336
8.784197,2.000844,11.558574,2.0469139,2.1187174,14.946238,4.998872,4.2633185,11.017716,3.6212125,8.111884
7.6513186,2.7319348,12.454237,1.9524854,1.0554938,10.832518,3.4576962,2.038203,5.6383734,3.5979488,6.6941767
6.800914,3.8801823,9.224774,1.9381394,1.5458468,12.070946,2.0099802,4.6676836,11.607324,3.836858,8.212193
9.028221,3.1016965,12.975939,1.6034101,1.4777973,13.892397,3.7666454,3.7079358,7.047311,2.726626,8.923234
5.9521074,3.5210583,8.78335,1.9723856,1.3706666,10.496786,2.5490015,4.2205415,10.730701,3.8672655,7.299686
6.274926,4.272999,8.270487,1.9166425,0.9852974,13.784294,2.6226046,4.959969,12.206406,3.8891845,9.915879
8.513373,2.4594278,8.933967,2.136232,0.5849328,12.9294405,1.4481411,1.5375395,6.888972,2.9522648,10.04547
9.553909,2.6223578,11.07208,3.437254,1.2746729,11.760981,4.0789084,1.2339098,5.930105,2.4630258,7.5385194
8.418867,4.867584,12.728781,2.8180041,1.0507746,10.884283,4.600082,3.8743753,8.144634,1.3655307,7.6147585
4.96787,4.361133,8.14484,1.1322532,0.58952403,12.935482,2.8622208,6.5429206,11.941896,4.0018024,8.144467
7.9331164,4.4277134,12.903623,1.7745016,2.2630002,9.84928,1.5724868,4.1393685,6.545785,4.2725353,7.806074
7.4806194,4.3509073,12.481664,1.8625743,0.16099358,12.440091,3.2916598,4.7383213,9.659428,3.224175,9.818106
6.1793256,4.0530314,12.294004,2.403758,1.1041031,9.282711,1.0835549,3.2849998,6.514946,3.936231,8.492681
10.377424,2.5523856,11.2780905,2.9610496,1.9822818,10.675202,3.9715748,2.2683432,6.1565084,3.154875,7.479057
7.2637453,6.6933336,9.500972,0.77439594,1.4073966,12.096061,1.5987792,5.3548503,10.018385,4.234828,9.022481
9.183766,2.8655167,11.064841,3.0089924,1.907412,11.968591,2.4033172,2.8742423,8.178443,3.0397298,10.255743
8.779468,3.3720827,13.316261,3.585546,0.94498575,11.880288,4.0070906,2.226564,8.610295,0.90318227,8.377587
8.061073,5.158115,13.003857,2.167516,1.211273,10.334716,2.7826755,3.1723328,8.094034,3.5397053,9.328134
6.425955,1.4593077,9.316932,1.9627196,1.5104916,13.388217,4.2401943,4.0534306,10.453329,2.5660267,6.5819254
10.446539,2.5510364,11.826185,3.5410173,1.4537343,10.651028,3.8215969,1.8582752,5.572446,2.148996,8.221286
7.7912436,3.899527,13.298524,2.5760188,0.5246266,13.408547,3.2865267,3.8550477,9.857315,2.4905047,9.064483
7.099121,5.088481,11.007387,1.8643228,0.60773736,12.087656,5.3897176,4.8480897,7.6754065,1.4709864,7.979353
7.566187,2.3242393,13.030199,2.8764145,1.79726,13.31194,2.8619168,5.9539638,11.894003,1.986155,9.440359
7.9674454,4.374479,11.567608,1.742037,1.45878,13.35093,3.682044,6.5427427,12.770841,4.089645,9.298226
5.1308236,1.8169227,11.609268,3.0812955,0.8245825,11.320944,3.1315114,5.3928356,9.469118,1.4178163,8.660754
5.885448,3.7132528,8.465441,1.337183,0.3153798,11.543601,3.6645613,6.2467737,10.281916,3.8621602,8.240465
8.128349,3.5324035,14.755861,1.8799208,1.351973,11.917659,1.5850568,3.9526045,5.915919,3.8077583,9.59112
8.421819,1.4340005,13.557871,2.1632311,1.1291901,14.0303755,3.3550754,2.8546667,7.1571836,3.130445,9.095028
5.316784,4.6643734,9.531813,1.6725947,0.46355164,13.776972,3.2299757,6.55592,13.194414,4.385227,9.438495
7.7463703,5.703269,15.451755,2.4785154,1.3404837,12.6573715,4.880703,5.5917115,10.983171,2.223922,8.676953
5.3804965,4.0219374,8.944555,1.542901,0.40164608,12.031694,3.7214785,6.242856,10.925538,3.9229832,7.8796287
8.380626,4.62311,10.934455,1.2484536,1.1180768,12.27234,1.4307897,6.3213,6.823823,2.7802262,10.206618
5.488913,6.1830635,8.45098,1.5273459,0.7006494,11.423565,1.3241869,5.0732594,7.711315,1.7590858,7.6382666
7.522187,5.03098,10.479511,1.6237749,0.645672,12.94104,1.575603,6.2383823,7.7559047,2.2472348,9.963528
8.110429,4.3237667,13.439718,2.1862056,1.4173243,11.811811,1.92259,3.4817622,7.228627,3.5771105,9.89406
5.400653,1.6464286,10.287279,3.0516121,0.75121343,10.044615,3.2219152,3.9010592,8.57325,1.4655018,7.6426725
10.855872,1.9096891,11.876379,2.7974243,2.7255423,12.752453,4.3682847,3.1663709,8.378553,4.33915,9.291986
5.8885965,3.586057,8.750446,0.99635935,0.90663165,13.371222,3.6373446,6.8764825,10.7701025,3.5713255,8.08361
7.013196,4.47202,14.014423,2.8619099,0.9655696,10.257087,4.41185,4.9046493,9.673286,2.3639274,7.6825514
7.2767525,3.9617515,11.106577,2.8135118,0.7532232,14.637592,4.7451305,5.266475,11.682026,1.9371228,10.2852545
6.4951363,0.4545692,10.67861,2.2900906,1.5383134,15.082535,4.099568,4.62979,11.95278,2.787181,8.174841
4.9184103,2.8337226,9.626793,4.3815484,0.4481889,11.200209,2.7014608,0.60787416,10.368799,2.223754,7.2923326
5.5576267,1.7682354,12.483414,3.0012288,0.8187809,10.716091,3.721087,4.858222,7.679676,0.8625759,7.629025
7.0467677,4.04471,8.934572,1.3544068,1.2002835,15.274238,3.14592,5.9530196,12.299927,3.1546776,10.249917
7.2099757,1.2773979,13.069934,4.356881,1.9224967,11.020805,2.3317966,4.689581,10.773922,2.2428384,9.576944
7.731879,4.6602077,9.461146,1.6026571,1.2635835,14.738331,4.5053873,6.3272386,12.366494,3.0862827,9.613718
7.143209,2.7690415,13.666737,2.8991632,1.9190027,13.735465,4.7465906,2.3379397,12.37603,2.8803787,6.770524
5.6653175,1.8920896,11.94893,2.7610006,0.96367544,11.60046,3.3119633,4.8968606,9.199539,2.0484505,7.9457808
6.8175955,3.1396768,12.646362,4.528114,1.1067908,11.233799,3.358416,0.9757097,10.190773,1.4358739,7.1756053
5.95549,4.5851192,10.178152,2.0183764,0.56388974,11.596228,2.5629091,3.9731243,8.309183,1.7211454,7.618902
8.216568,3.0493374,11.524245,2.998636,0.56840825,10.532724,3.8164177,2.8123207,6.325617,1.2174519,9.761436
6.8031673,3.000638,12.075205,4.22524,1.4402217,13.06978,2.6500573,0.6770127,11.865562,2.7757618,8.314507
8.463514,4.3894,11.61479,0.4406694,1.4310782,12.749428,1.786553,6.0521674,6.661653,3.7250996,9.466659
6.4034557,3.136798,13.259737,2.5025518,0.79151607,11.165765,2.2350574,2.1027234,5.0859437,2.3481326,7.731985
8.072797,3.5349088,6.812535,1.7116468,1.4531206,9.317579,1.7647625,1.4897225,4.953535,2.7565694,7.300018
7.7199397,2.4698057,13.903133,4.3488607,1.5910457,12.619308,3.3507943,0.61252236,11.151559,1.9470109,7.7205234
6.821801,1.5456967,13.057571,2.840939,1.7902414,12.678348,2.489524,4.922777,11.325645,3.097579,9.356642
7.902211,2.35073,14.283091,2.224691,1.1998519,14.149733,3.5256395,2.77531,7.786539,2.4511216,7.977065
4.540608,3.6442347,8.864485,2.041101,0.85758305,10.897576,3.3643482,5.9088144,10.996093,3.3027692,7.2453303
7.038043,5.2055717,11.6807165,0.4408089,1.7658452,12.877349,1.3316078,6.0400944,7.532591,3.5123959,8.1191225
5.7882323,3.7219033,12.270706,3.4398537,0.62739885,10.19633,2.2159035,3.365429,8.809448,2.4659083,8.230688
7.0435057,5.166337,14.970791,2.258693,1.7047684,10.808093,1.6242067,5.301786,8.357541,3.453671,9.102636
9.7191925,5.0375466,11.924882,2.1425524,1.9948609,13.051893,4.4911337,3.97507,10.104415,2.5105615,8.657922
7.2642407,3.2879465,12.476723,1.6911751,0.9929688,8.393835,2.271438,2.3519533,4.1424007,3.253447,7.23289
9.38148,2.4945207,12.171179,2.28934,2.3246112,15.318037,4.808615,4.138691,11.939916,3.318449,7.907752
6.0508575,4.2023287,9.024386,2.454937,1.16375,11.197939,1.9340804,4.2800207,11.351713,3.897329,8.875393
5.179126,3.8193476,13.76853,2.2262967,1.1425247,9.5493765,1.423467,4.4768662,6.5350804,3.5504057,7.422621
8.917184,3.9396114,13.819092,1.6975157,1.4100726,11.320319,2.1710627,3.3647475,5.2343683,3.3354113,9.588634
8.694719,1.9972489,13.312571,1.9839967,1.6333511,13.654152,3.5137813,3.126002,7.4496193,4.223013,8.665201
6.975298,0.0,11.603622,2.402497,0.87215793,14.550432,4.0323505,3.4215367,9.675402,2.4671783,8.242923
10.389382,3.6499467,13.428499,2.9733024,0.9733747,14.2332115,5.041983,2.2187867,7.654102,1.4531273,8.170733
9.191166,5.5047073,10.803925,0.49668175,2.1425736,12.79263,2.0871294,7.0836406,8.238973,3.1330264,9.246633
10.624369,1.6940417,12.33776,3.087122,2.096942,12.174681,3.8698826,2.4230645,6.4370284,3.642289,9.043325
6.8630943,4.692917,10.451312,1.9604411,0.91758233,12.080441,3.7102628,6.220634,12.558986,3.8186536,8.554496
10.174524,3.2792258,8.488054,2.1382847,2.0382,12.22238,2.2094362,2.974705,6.176949,2.7168489,9.685999
7.1875954,3.44285,8.501121,1.837091,1.053436,14.495594,3.0396845,6.0246162,10.6568985,2.551401,10.329225
7.1845484,2.1695185,11.27227,1.8271849,0.99641067,11.8658,2.1004114,3.0641098,6.891258,3.072214,8.510663
6.342888,3.2774003,10.395328,2.98719,1.3416687,12.581963,4.4212494,1.9293563,12.177448,3.6464908,6.9645257
3.8148427,1.5623801,10.698413,2.5193572,0.72992647,9.350456,2.0009277,4.897925,7.5122824,2.0626297,7.000367
8.182428,5.255185,14.86849,1.6893605,1.3864913,12.882623,2.4914362,4.8873224,9.63821,4.071442,9.667085
10.328456,4.540823,11.211226,2.696611,1.7541692,14.239225,3.3981807,3.2255998,7.045971,0.58217764,8.607482
5.3666515,1.1342947,11.123372,2.3782878,0.7734834,9.178001,3.076738,3.8291123,5.6636796,1.6208293,6.1888022
6.7827215,3.863545,13.610912,2.9442751,1.5802678,10.146218,1.9414036,4.8968587,8.751409,2.1259952,7.6438136
7.308083,4.1932526,13.061143,2.9800386,1.114412,11.033767,3.3248758,3.511891,8.519001,2.339165,7.712307
7.257827,4.22849,13.549366,3.291584,1.5812788,9.562478,2.052742,3.8093379,9.011465,3.117109,8.267111
7.102765,1.5177636,12.423405,2.708129,1.4402008,14.636457,2.879182,4.5616684,11.3333645,1.9728138,8.804393
7.1037703,3.6864183,9.955522,3.5449328,0.8394327,12.662346,2.807461,0.24310446,10.2671585,2.910256,8.068916
9.425724,5.3594303,11.565445,1.6255343,1.2111131,14.038729,3.5601182,5.8333716,8.833859,1.6642551,10.113619
6.1726265,4.104506,8.30424,2.0600052,0.9203682,12.804146,3.2360044,5.5364103,11.878356,3.0575192,9.044068
7.578547,3.3363886,11.176256,2.8895962,0.26538408,11.134438,3.4628851,3.7681253,8.695097,1.7370558,10.460919
5.3191566,0.99170434,10.834066,2.7564418,1.1128908,9.742929,2.998151,4.368845,8.168983,1.5635195,6.7567453
7.911216,3.172681,13.739347,3.7002423,1.3152657,11.954948,4.236283,1.3389204,9.139999,1.437962,6.824947
9.009232,5.033498,11.797949,1.9822391,1.456068,11.324888,4.5100827,3.679278,7.437155,1.5038555,7.710631
6.197481,3.6094573,12.765278,3.289826,1.0936983,10.597887,1.3510683,3.3417327,9.614229,3.1913643,8.636548
9.194754,3.9319677,14.564805,2.0543072,1.1981418,15.060936,3.1653063,4.9938526,10.594837,3.1370885,10.469484
6.7016554,5.0935335,12.007807,1.0433515,0.52522904,13.775801,1.4977823,5.343723,7.088168,2.9663444,9.241386
6.0051365,4.6774454,11.402041,1.9174302,0.75660753,11.27656,1.8709692,4.6620555,8.741895,2.5442615,8.032995
6.778469,5.0690913,12.499394,2.5010076,1.3576529,10.045216,3.3103783,5.0614004,9.208805,1.8270986,7.304188
6.440221,4.906662,11.434055,2.4246256,0.48334765,11.074469,2.469924,3.9925015,8.155321,2.104179,8.533102
5.1540585,1.2387075,12.034306,2.8289714,1.1306165,10.8805065,2.707544,5.2471433,9.219064,2.2178233,8.042626
7.9429398,3.5716162,12.99982,2.0891452,0.8250699,12.691007,2.3724382,4.320711,9.672741,3.9466808,10.766205
9.940481,2.7888012,11.598596,1.960856,2.1960597,10.715957,3.2738798,2.3196898,6.5415134,4.6279535,7.746021
9.055551,1.4905035,12.712141,3.3902597,1.2201943,13.500393,4.790081,1.34449,9.158738,2.1566017,6.941171
5.734646,2.0396354,11.256947,2.662463,1.5868182,11.585329,2.7957566,5.449974,10.221418,1.6609133,7.461457
6.650724,3.4635673,11.975284,2.811253,1.4141414,8.5205145,1.7589536,3.918271,8.208432,3.9031692,8.740593
4.3525987,4.184988,11.842856,2.136838,0.76195097,8.732599,1.280417,4.1057167,6.3261423,2.9732196,6.8994994
4.6936793,2.9746325,13.828712,2.2780433,0.567935,12.81233,1.816485,4.778289,10.079172,4.679862,10.1558075
5.6427655,4.32191,8.350023,1.9686168,0.34793937,11.714873,3.9898758,5.55469,11.254244,3.8477638,8.207573
8.880837,4.134199,13.47089,2.5874395,2.0430694,11.193605,2.6258564,4.948784,9.733,3.682115,10.420933
7.6051226,5.0617447,11.596701,2.1885529,1.79984,9.392888,2.1213608,4.0123878,8.020422,3.0699277,8.593412
5.926147,3.5939288,10.232403,1.88372,0.0820083,9.31872,1.4336174,4.248069,4.655124,2.8272388,9.199867
7.0849953,4.710819,14.469069,3.2784615,1.2877386,10.237833,2.4738753,4.3127522,9.688272,2.4363465,8.525127
6.806143,6.7468843,8.285166,1.2081604,1.1583875,11.363316,2.245468,4.827418,9.44379,3.4458373,8.298511
4.449992,4.190997,8.945777,1.4612408,0.04571235,11.925656,3.8489432,6.0600004,10.80853,3.790437,7.5899568
7.0843163,4.028378,13.942068,2.6882763,1.4773532,12.471006,1.6346806,4.705509,11.125582,2.8610296,9.188629
5.8957157,2.2006478,10.839219,3.6941438,1.3393555,11.666124,3.0066686,4.602142,10.654519,1.454259,8.251936
6.14404,0.5466802,9.069109,2.4557114,1.4143826,14.057538,3.6806908,4.4590626,11.202564,2.6860785,8.738902
7.9640503,4.793913,8.933679,0.8908823,1.5003352,10.618559,1.5314379,6.7690487,6.6427956,2.9195995,8.795362
5.829367,5.583653,9.879702,0.93604696,0.89230835,12.019118,1.1206281,5.2791305,7.1182942,2.6102319,7.9743066
10.273021,2.907096,12.322265,1.9727219,1.6770195,10.445038,3.9403715,3.0088158,6.10536,4.119009,7.664115
8.567374,4.9898133,16.180555,2.968718,2.1083188,11.96277,3.4156334,4.844411,10.445211,3.1241345,8.587409
6.712819,5.3202457,8.023872,0.593889,1.2995483,12.580259,1.6837645,5.5423,9.829674,4.2438827,9.741464
7.77821,4.115179,12.240269,3.1232066,1.1801342,13.994628,3.252087,5.334222,13.60429,2.4191084,10.156511
7.9308043,1.4606924,14.305729,2.3689468,1.3237318,14.404667,4.5313807,2.520241,8.241772,4.552862,9.235053
5.827505,4.543917,8.879689,2.4133902,0.76275843,11.715691,2.688579,5.3032236,12.320414,3.506061,8.374759
9.409914,5.0465703,13.020496,2.1588788,1.7674162,12.812819,3.5079036,4.5377016,9.669185,2.2618706,10.949736
7.504835,3.2844396,12.227465,2.897221,0.94455016,12.877353,3.9066362,2.824782,7.227087,0.40697932,6.9572334
10.6476555,3.886712,9.753407,2.1905901,2.314702,13.074606,2.9034479,2.1623385,7.8854065,2.489031,8.772274
5.281906,2.3369253,11.331483,3.265331,0.6969367,8.947264,2.095508,3.0327713,7.284876,1.2126503,6.9453425
8.764189,5.056061,14.286045,1.4836725,1.7440131,12.171358,2.1759093,5.8731203,9.89436,4.0698876,10.151312
6.2023754,1.9218012,9.585331,2.9889045,1.0947398,14.438492,4.2685747,3.5046155,12.401014,3.18898,9.021366
6.6492844,2.0833323,11.996489,2.861952,1.3379419,12.483377,3.4155238,5.3364067,9.993301,1.8794746,8.97098
5.9894724,4.328882,9.557202,2.1849134,0.9882916,11.800715,3.5500007,5.702176,12.396122,4.0732427,8.195984
8.041888,3.274147,10.468988,2.9915442,1.5283005,15.163036,5.081637,3.510424,12.304641,2.705624,9.247381
8.754216,4.2354136,13.720112,2.3088121,0.7961855,12.2950115,3.568516,4.320598,10.060046,2.87843,10.353865
9.027996,4.1324086,13.870597,3.2058303,1.4398988,11.060222,2.6797385,4.261752,7.6625185,0.9526346,8.786672
6.5757284,4.617591,12.1539345,2.0245237,0.5583782,9.710738,2.7329361,3.2264953,6.643192,3.4724598,8.835493
6.8272877,4.6969643,9.90672,1.9060634,0.82375515,13.153534,4.4653273,5.8707657,12.050978,3.4904056,9.290497
8.098518,5.1937075,13.169598,1.8644283,1.3910948,10.266634,3.0032241,4.1089735,8.38268,4.143303,9.784481
7.6496553,7.1987486,9.57987,1.1061587,1.2049509,12.542598,2.384885,5.76385,10.568865,3.6093373,9.135893
9.222408,1.7059598,10.98473,2.8115952,2.4231248,15.263506,4.2825246,2.976536,12.121801,3.27326,9.018898
7.306178,1.8083513,13.162485,2.9416823,1.6859732,12.357285,3.0645628,5.574479,10.387367,2.0724201,8.523122
7.9858394,3.1475925,11.8936205,1.852353,2.0036914,14.123215,5.4832335,4.941207,10.527409,2.674735,6.349113
6.6306505,0.68540525,8.930737,2.1937418,1.9474329,14.04813,3.8511755,5.150047,11.363517,2.804095,8.102929
7.552249,4.5830016,13.766151,2.078652,0.62697387,13.886519,4.1433096,3.5072744,9.458887,1.891422,7.947367
6.344044,1.2059147,11.551658,3.3989317,0.822762,10.405489,3.175905,1.016931,6.03076,0.89868,5.5693655
9.024406,3.8736138,13.247751,3.0799966,1.4334766,12.539398,4.4123945,2.5497394,8.390428,1.4919288,6.901311
7.6896486,2.6098132,8.561203,1.898983,0.14791816,13.477065,1.7607918,1.4244461,8.483011,3.600778,9.897068
8.047683,5.469718,14.199242,2.6117687,1.382223,11.635654,4.245891,5.0317254,10.305462,2.349565,8.160663
8.910682,5.162852,11.048342,0.6269446,1.8514512,11.777987,1.9430842,6.263966,6.538064,2.8244104,8.444662
10.799679,2.3150892,11.948279,2.8027146,2.3339975,10.653111,3.4557743,2.5781674,6.184824,3.5333161,7.924944
6.33853,1.0474424,13.205803,2.607564,1.0053858,13.388777,3.1336243,5.62734,9.746683,2.11271,8.732216
6.42057,3.3073626,13.998886,2.9040413,0.40518653,12.793544,2.995616,4.3579755,10.182814,2.4264178,8.706868
5.4871492,2.0590515,11.170468,3.0574095,1.1768224,11.173592,2.361038,5.773574,10.351419,1.5253111,8.434565
7.5099483,2.850788,12.441454,2.1532006,1.8855159,14.703991,5.4933543,3.933726,11.671215,2.9352093,7.026618
7.7093277,1.1084647,10.800098,2.118255,1.947619,14.106094,4.3178105,4.6945267,10.778635,3.2882268,7.4545736
5.2707458,1.199234,11.822222,2.9938045,1.0723733,9.971666,2.5857432,4.522806,8.5635605,1.8371749,7.3061028
9.071622,4.639098,11.019721,2.9467015,1.295481,15.037214,3.1093342,2.12752,9.637816,1.0475202,9.465288
7.4183445,1.7247804,10.649947,2.5271847,1.535775,12.9304285,3.2579646,3.9113467,10.074478,2.2232366,7.9966326
7.4782276,3.7228723,12.106007,2.4411907,1.5602399,14.677357,3.3648877,5.7907734,13.619842,3.330699,9.97792
8.547863,2.6386933,10.667421,2.5935638,1.9703395,15.543343,5.105422,4.125463,11.93604,2.8447933,9.127249
5.78326,1.6258159,10.667361,2.3787389,0.26862383,11.80006,1.0371392,2.7859206,6.385416,2.9615033,9.359767
7.659954,4.99727,13.284779,1.8140746,0.7819737,14.1693,3.7194664,4.1312547,9.721891,2.4011927,8.511294
9.641615,5.4028635,12.903925,1.6011214,0.6702147,13.502783,5.808814,4.7826533,7.1218944,1.3437244,9.091156
6.719803,1.9185234,12.908001,2.9318316,0.8726858,11.943966,3.7849624,5.5934362,9.664871,1.901947,9.176151
4.662441,3.5215497,12.814304,1.330194,1.0567472,12.15213,0.37353706,5.1205506,7.9396067,4.0786777,7.8981743
5.765688,5.013692,8.979002,1.7199821,0.15417308,11.705851,3.8154106,6.3758216,11.262789,3.8583436,8.84005
5.8814383,1.5295603,12.3555565,2.8437276,1.131334,10.881842,2.56587,4.8603625,8.514211,1.9516217,7.604335
10.226187,3.7583485,9.628666,1.8983479,1.9650105,12.001068,1.8176599,2.3937201,5.9673915,3.3466322,9.361237
9.961803,2.4360135,12.730007,3.0076027,1.104387,13.253609,3.1770291,2.86281,7.5288415,2.0085816,10.605701
8.585214,3.6939738,9.880751,2.3473003,1.1795609,10.928714,1.2356209,5.694991,7.118447,3.3878038,11.859629
4.5706396,2.1174393,10.116369,3.085343,0.7966492,10.112235,2.8224778,4.672903,8.951494,1.4068612,8.14522
7.5693035,5.329623,15.369457,2.7983575,1.7153474,11.953608,2.463191,5.9608445,12.444196,3.1051295,9.173345
7.74461,4.681955,12.019091,3.1116388,1.2646784,9.560632,4.217491,3.970425,8.549269,1.3449969,7.287689
6.9530115,4.5296526,8.196072,1.135351,1.0368409,13.692972,3.7299874,6.358172,11.428213,3.1620884,9.187406
5.156803,1.6833792,12.084093,2.3826213,0.22473955,10.830015,1.4042655,2.2806852,4.6553535,2.5256958,7.342865
6.6021357,2.6926258,12.747961,2.9130661,1.5260922,12.578846,3.1889548,5.260895,11.672283,2.4652734,9.179959
7.967603,5.536202,11.877567,2.8383222,1.0027194,13.364141,6.1739454,3.9591491,9.960785,1.6134139,9.027444
6.4214416,1.489815,13.5467205,2.7721891,0.8769933,12.284571,3.9580846,5.16699,8.759125,1.7161938,8.30977
7.2514496,4.3219776,13.255226,2.912321,1.3860078,10.331177,2.0136802,4.7115855,8.451793,1.9383641,8.439058
7.3353863,6.92019,8.819035,1.0190223,1.1381791,13.142282,2.4670017,5.7436104,10.972521,3.6746378,9.785188
7.9403124,1.6762296,10.465933,1.9043592,1.8468702,14.193937,4.679962,4.590354,10.752579,3.644212,7.740587
9.312049,2.2985091,13.284225,2.8358626,1.6578082,12.494309,4.3623977,1.8717484,7.0796657,3.2988312,7.8441243
8.986492,4.546315,11.470941,2.908579,0.9522717,15.221753,2.5946553,1.6931717,10.232485,1.5019772,9.04776
10.608662,2.858885,13.215871,2.1158922,1.8122839,13.095964,4.601848,3.8368168,7.3608437,3.4429088,8.382299
6.5957627,2.530726,11.433581,3.2257633,1.6693796,12.080931,2.3653162,5.639551,11.972198,2.2492309,9.346407
6.577927,4.8854465,10.262314,2.0113988,0.7436741,12.380043,4.2764635,5.9614673,11.996193,3.6018765,8.29642
6.150022,4.592366,11.160032,2.0401292,1.3779025,12.038833,2.2841446,6.120044,13.209628,4.78993,8.605845
7.1466074,3.2059364,10.47777,2.2861238,0.48316628,12.548342,2.1392438,3.2700045,9.347378,3.0890365,11.057494
4.2018394,2.2808328,10.818852,2.1062562,0.75015867,11.203536,2.6937878,6.031843,9.701852,1.8190321,7.1649237
8.493534,4.1954117,10.476515,1.8165296,1.364993,11.461453,1.305887,4.811172,5.8406568,2.612682,9.574759
8.168798,4.3911133,12.0160675,1.7592854,1.0242555,13.325165,1.4567732,6.1700606,7.365014,2.381824,10.846521
4.854811,4.0993137,7.626315,1.0302931,0.7963845,12.414243,2.908369,6.24965,11.27722,3.758269,8.061992
6.2591534,4.007683,12.945414,2.440755,0.116820574,12.579721,3.2742376,4.732311,10.528869,3.2380543,8.773635
6.299674,4.3905005,12.125172,2.940733,1.0813948,9.682043,2.9660358,4.0655,8.459497,2.3087907,6.7370872
8.414104,2.2060905,13.647916,2.7600987,0.9073281,12.142972,4.012859,1.0313976,6.7597947,3.6611953,7.680624
9.260638,3.8978124,10.262848,2.050401,1.2929714,10.880423,3.7158616,3.369381,4.902459,1.2220684,7.966817
6.345232,4.8808436,11.935079,3.4458237,1.0218799,12.962032,1.7470297,2.6135728,9.839121,1.1734217,7.842395
8.306679,2.89224,12.577508,1.8758321,1.585387,14.359379,4.1721425,3.3491726,8.423272,2.6222894,7.6454163
6.359989,4.524917,10.395583,1.6802719,0.6622104,12.549034,4.398864,6.442747,11.953534,4.25256,8.411012
7.02522,2.1792583,11.872138,2.698453,1.7764602,14.693226,5.3647847,3.161297,11.551989,2.5746818,7.272879
6.2186785,4.373533,10.568936,1.9279426,0.7380274,13.77482,3.655758,5.899496,12.473848,3.7724388,8.933525
5.8637495,6.0431194,7.4622407,0.9294246,0.9669529,11.125426,1.4352865,5.1774006,8.769378,3.632287,8.362578
8.543347,5.016178,14.27498,2.4950976,1.8702989,12.933458,2.902452,5.3751407,11.586782,2.7920556,8.907495
6.0743904,0.26634872,10.515535,2.7041907,1.5059438,14.687175,3.5547585,2.9031837,12.49082,3.688923,8.510512
7.469577,0.50620055,14.919926,2.7697794,0.6912415,13.905633,4.0218034,2.1475315,7.082167,3.7433114,8.594552
8.793462,3.3926613,10.128583,1.6045069,1.654867,14.266714,1.2285146,3.2911832,9.785904,3.762513,10.277443
5.9119964,4.7617073,11.860899,2.8407974,1.0433269,8.568428,1.9508781,3.226347,7.4368486,2.4495401,7.803787
7.616541,2.57388,12.758057,2.2185855,1.0946239,12.384485,3.8497012,2.2994676,6.957408,2.798511,6.768163
8.989102,3.0308194,12.151264,2.38934,1.1926123,11.804473,2.1812818,3.1733906,8.017615,3.1072636,10.861471
11.021393,1.997675,13.071263,2.488203,2.1123116,14.208654,1.7306231,2.8212602,7.594327,3.3113003,11.396593
7.1459627,4.1565876,8.787939,1.5070349,1.0312152,14.583025,3.8706894,6.0847287,12.195606,2.8959076,9.830986
8.149999,4.389084,13.898027,3.408009,1.8980539,10.897278,2.5293922,3.7458498,10.12841,2.6942182,8.397633
8.383038,3.1800508,12.392361,1.9137093,1.0457602,14.100335,3.0321329,4.2183084,8.691578,2.9369125,10.19636
10.144043,4.7467766,12.512508,2.0755308,1.4016507,12.2881155,3.1989665,3.3789377,6.2515764,1.8969666,10.141237
7.5514774,3.3717248,11.738905,1.0927124,1.4491581,12.330102,1.4676751,5.374814,6.2136774,3.6227214,9.294416
5.4764285,0.6356289,8.483341,2.2399743,1.1911955,13.611471,2.9740644,3.8656628,11.697596,2.8270006,8.057172
9.094988,3.978256,12.613299,2.9629307,1.2038726,11.091746,2.9456072,4.332211,9.191976,3.3031275,10.385731
11.399757,2.7288117,13.742951,2.8111382,2.3520205,13.093658,4.412948,2.7378476,7.4476585,3.443215,8.449775
7.639064,5.8511157,13.044359,2.3853981,0.9952415,13.43111,5.461695,5.3712764,11.052234,2.1688814,8.767782
6.715231,4.6424475,9.13827,2.0327444,0.9825754,10.814022,4.652281,3.719813,8.174561,2.4663646,7.7017045
6.1558394,3.3449063,10.373125,1.4646428,0.8057721,14.901847,3.44062,5.838535,11.614056,4.029831,10.358079
5.917948,4.91231,13.064169,2.856453,1.922468,10.284638,1.1832885,4.2771,11.2948,3.7099073,8.045138
7.3629656,3.723545,13.876989,3.9606118,0.5840492,11.771294,2.3697333,3.6012259,9.607119,2.0086021,9.521353
6.199858,4.461091,12.132475,2.5496635,0.5553895,13.457579,3.9894772,2.4305806,9.795517,2.128862,7.636285
9.814722,3.6938376,12.002929,2.4365594,1.0043316,11.09701,2.9667158,2.547746,5.2898054,1.1728177,8.680713
6.091579,2.0362236,12.472191,2.7524695,1.5401609,12.590677,3.0120049,6.0690346,10.986184,2.3115444,8.582706
5.0869904,2.1002016,10.78297,2.695937,1.1557767,10.235897,2.7714067,5.145796,9.338813,1.8495764,7.2954617
7.9104786,1.645371,10.938208,1.9842002,1.8607391,14.814463,4.6657953,4.292944,11.209365,3.6813133,8.120397
6.73135,4.9210763,13.106116,2.6360345,1.9485772,10.178194,1.8624544,4.7732987,10.580393,3.455324,7.8460746
8.175085,4.67977,13.190878,2.2712698,1.8666353,11.658838,2.2967138,5.1408978,10.860941,3.3105814,9.017961
6.095813,2.4860446,12.473097,2.7078297,1.5892035,11.691905,2.6388137,6.8488965,10.204511,2.1499605,8.268627
7.8230214,1.9139895,10.927294,2.027823,1.9450705,14.642656,4.938048,3.962888,11.044107,3.3862872,7.4176044
6.911589,3.6660948,13.934396,3.7715807,1.4352443,10.537984,1.4824404,3.6525438,9.099396,2.2650769,9.164387
9.403294,2.8308506,12.316401,2.362353,2.4500606,15.571966,5.1484246,3.9474528,12.286508,3.1256485,7.808932
8.039049,6.135934,11.012627,0.344306,1.1581216,13.353536,1.4076641,6.618273,7.0677814,3.1994345,9.583303
8.593907,4.553592,10.930864,2.279742,0.7874501,13.187536,6.188755,4.5332975,6.9843,0.39822078,8.08298
