0,1,2,3,4,5,6,7,8,9
2.4366496,3.8274856,4.6731977,1.3822591,4.288921,0.82032776,3.5967274,6.8152514,3.0351558,0.0
2.2429655,2.5377703,3.798925,2.2658157,4.956522,2.3327177,3.4063723,6.0165763,0.0,0.0
3.181069,2.0449529,5.5879254,3.782499,4.129545,1.7347672,1.481368,7.251123,3.2402763,0.0
0.1932852,2.184468,3.5941756,3.7783952,3.4612594,2.069394,3.7821221,6.7021866,3.3181481,0.0
0.49278408,2.8772426,4.64117,2.4316785,2.9674969,0.6157813,3.4758346,6.963091,5.1971,0.0
3.130845,1.1227435,4.9831257,3.0648239,3.0646071,1.8622707,0.8064159,4.256885,1.9226252,0.0
2.9372482,2.690208,4.7109776,0.6920111,4.1867046,1.3981745,1.9212842,5.673135,2.1918957,0.0
0.9852028,4.125786,3.2261825,1.2093463,3.6679637,0.28619957,2.6379743,7.150882,4.7670336,0.0
2.9903436,3.021427,5.0020065,2.262735,3.724658,1.3204122,3.9118369,5.0274863,2.6124055,0.0
1.913976,2.0894978,5.0565987,3.0207984,5.0324597,0.99778277,1.9217813,7.3958473,5.9428005,0.0
2.7521722,1.747641,7.165654,3.8660157,2.3893273,0.0,4.168321,7.425845,3.53354,0.0
3.0814614,3.7018719,2.8005486,2.4416654,3.058949,0.0,3.799446,7.4468875,2.4449039,0.0
1.5351465,3.2480252,2.2041936,3.9266007,3.685968,0.1280374,4.055447,7.1482863,3.8671563,0.0
2.1018314,2.738724,5.2931776,2.2030916,2.91463,0.9964225,3.0784333,7.0308495,2.579205,0.0
0.708789,2.5053005,3.0742447,1.9188077,4.4280996,0.6177778,1.350554,5.788625,5.339381,0.0
2.8781376,3.3014681,2.9262996,1.2947491,2.8365216,0.3172621,2.3259783,5.0094385,4.683708,0.0
0.19872531,1.5454862,6.0515804,4.774063,2.8951507,1.1147527,3.6139417,7.1768236,4.1318445,0.0
2.8262591,2.926181,4.69764,2.7522469,2.4363494,0.42344564,4.5615234,7.6422033,3.390489,0.0
0.0,2.4847224,2.9634576,3.7380247,2.8997867,0.73707867,3.8690271,6.5498543,2.3648868,0.0
2.2178097,2.3716526,3.2696705,1.4624995,4.3265524,0.55111384,1.288369,5.1043835,3.230092,0.0
1.5278983,3.1711044,2.1718981,3.0791752,2.8403401,0.63658464,4.552563,5.546418,2.2716634,0.0
1.8832781,3.1282048,4.3205886,2.4783416,5.5217123,0.8210196,3.2439356,7.414996,2.8593645,0.0
2.8097699,3.749112,3.042155,2.6811712,3.864973,0.0,3.8709898,8.186974,5.0200424,0.0
2.6940584,2.1716573,3.5552955,0.9622601,3.531805,1.0690235,0.8619399,5.21161,3.8191125,0.0
3.830366,1.563613,4.466498,3.5227594,3.6817887,1.0834023,1.5690961,6.458282,3.1099348,0.0
0.21390584,1.6336844,4.363682,3.021304,3.201737,1.3485138,3.5416408,5.2311344,1.7017723,0.0
2.878038,3.277189,4.634991,2.3039794,3.6986651,0.16683269,1.8898554,6.366336,5.4750595,0.0
1.0359548,3.254407,4.7471404,2.283096,3.2170305,0.49541256,3.9895902,6.9151626,5.115008,0.0
3.5597637,2.1784432,5.6399035,3.5908551,2.2165525,0.20215309,4.691412,7.0925117,3.6892638,0.0
0.8380194,2.445147,3.3705897,2.9674582,4.123779,0.7589126,3.2922494,6.8394775,1.3349168,0.0
3.4151826,2.433669,4.1764927,1.6620287,3.2924714,0.64467365,2.5481663,4.77524,2.213406,0.0
3.419911,0.8688618,5.5123386,3.961228,1.815243,0.19792444,4.246776,6.005948,2.509747,0.0
2.4591823,2.6272616,2.9763877,1.9484904,4.112071,1.163774,3.3618484,6.887377,2.4345562,0.0
2.034834,2.6052165,3.206615,3.5188313,1.2714524,0.0,4.0585074,6.647069,2.7721066,0.0
3.970765,3.4168997,4.22387,1.3325603,2.2467146,0.0,3.6650863,7.2399607,1.9546363,0.0
1.7334094,3.020774,5.7030993,2.9206676,3.7229533,0.74444735,3.6826153,7.908636,4.642056,0.0
2.378518,2.650925,4.17064,1.8055005,3.0194955,0.6085361,2.6809237,7.6863613,2.3052838,0.0
0.5546691,2.9436092,4.192392,2.4961832,2.482358,0.0,3.2808995,6.716587,5.7296267,0.0
1.8006372,3.537604,3.0092063,3.2537305,3.7184114,0.0,3.828988,8.261208,5.1066513,0.0
3.2992978,1.1230683,3.4936743,3.3297713,3.5542684,1.8696355,1.1530865,6.648018,2.571243,0.0
1.0900944,2.428296,3.2621713,3.28164,3.1725545,0.62980956,3.2654006,6.0552025,2.5062535,0.0
3.221438,1.881343,4.7534595,3.3198996,2.030701,0.0,3.925527,5.243619,4.066864,0.0
3.8308463,1.5172795,5.119982,3.3503582,4.021085,2.293072,1.0875589,6.352436,1.9814396,0.0
3.8309298,1.5988846,4.847325,4.1033673,2.8049612,1.200092,2.6282887,8.311984,3.1862972,0.0
2.85954,3.0986624,4.3817687,3.2466936,2.089887,0.0,2.8954296,7.912037,2.5732365,0.0
0.4357379,2.5996056,3.4187276,3.2292922,3.8784475,1.3662798,3.0836325,6.3303823,1.1308707,0.0
2.6639707,3.2064528,5.515505,1.0876969,3.1889122,1.062712,4.77287,7.5631146,1.4157809,0.0
1.0913819,2.2798696,4.361067,4.274601,3.8378844,0.64762044,3.7776265,6.811017,2.8936553,0.0
1.2877797,2.9987502,3.5557163,2.2442417,3.9654183,0.66514415,2.208771,6.9198227,5.6499557,0.0
3.0613909,1.4954709,3.3026547,2.3758953,0.29286098,0.0,2.8310075,4.784208,2.2491488,0.0
1.1438713,2.0702102,2.555082,3.9092047,2.4956756,0.24536407,1.5101103,6.917793,4.90019,0.0
2.358912,2.5403333,5.0360985,3.1722019,2.2049913,0.039848566,5.192489,5.899844,3.1138325,0.0
1.792999,2.3961802,3.6219568,2.0842412,3.5515718,0.29427665,1.4943322,5.0075493,3.5449796,0.0
3.570737,1.5558324,5.0159407,3.7510095,3.1890016,1.2663013,1.6938765,6.198771,3.020697,0.0
2.0310857,1.670402,2.541166,2.3207135,4.489032,0.92116565,0.30348855,6.553774,4.4855995,0.0
0.6303198,1.9640573,4.9693313,4.3305726,2.9610484,1.150058,4.162412,7.046787,3.6029792,0.0
3.105585,1.1582688,3.7700448,4.231631,1.8226976,1.1664853,1.4437977,5.7288,2.8163903,0.0
1.6893852,2.4244106,5.349267,2.3713849,3.141303,1.2117755,3.0597742,5.297083,2.6745794,0.0
2.5555196,3.0437765,4.4473543,2.2328997,3.842857,0.87856716,4.0059648,5.625102,2.899276,0.0
3.0392919,1.5032593,5.2806673,2.7093282,3.451508,1.163303,3.614734,4.7451887,0.62385035,0.0
2.7665453,3.800788,5.009798,2.2526827,2.9401684,0.0,5.036201,8.383461,1.7806199,0.0
1.2872429,3.4284697,3.6160467,2.8728132,3.887663,1.1932068,4.771934,7.1102324,2.8581169,0.0
1.3465887,2.8092542,3.0962956,2.9546387,4.7935276,0.98812294,4.0753374,5.8693895,0.2632231,0.0
2.8871608,1.2438662,5.264326,4.434459,3.1814144,1.1140671,2.3507996,6.9277344,3.3705063,0.0
3.5764837,1.464938,6.158884,3.5089514,3.1575425,0.6767626,3.7507143,6.5418396,2.6017468,0.0
2.5309424,3.662123,4.6427593,1.9739817,4.9494796,0.6263093,3.599046,8.717834,2.8298612,0.0
2.5486362,3.2039156,2.9795282,2.4176242,3.112431,0.31452402,3.4859734,7.0963964,2.7450812,0.0
2.5765052,2.261191,4.0601535,3.610416,1.6557409,0.0,3.2912843,6.491038,3.2318869,0.0
3.097472,2.5178244,4.1223764,3.4142516,1.3140763,0.0,3.940084,6.366192,3.1803699,0.0
2.5523043,2.893562,3.7616444,1.7537897,4.97244,0.56389105,1.0055357,6.8394446,5.986655,0.0
4.5172787,1.7891784,4.1307445,2.645908,4.1133146,1.6856142,0.6778101,7.528901,2.8290308,0.0
2.6094446,2.8011856,3.5216644,2.6842067,2.833858,0.3967371,4.358231,4.447634,3.0007563,0.0
0.8958843,2.1631162,3.4451218,3.9193158,3.605033,1.3634582,3.09584,5.8328505,2.435977,0.0
1.719337,2.022324,4.0316925,1.6970699,4.390927,1.2531102,1.8132474,4.5542736,4.225608,0.0
0.0,2.6010442,2.5165777,3.1052752,3.3927114,1.5989729,3.1609344,5.493903,2.063006,0.0
2.2388084,2.0547466,2.3906448,2.2008042,3.8483837,0.9602831,0.66178536,6.447357,4.2132406,0.0
2.488358,3.6003833,4.095462,1.2035,2.8497252,0.51004046,4.573878,7.0160637,2.716753,0.0
0.0,1.7032589,4.408919,3.6166813,3.4358578,1.7290038,3.2999973,6.5903664,4.0694933,0.0
1.6035974,3.089767,2.695418,3.708203,3.0864599,0.49407423,4.9036713,6.327876,2.9592474,0.0
3.8909702,2.220171,5.49669,3.1394446,2.2000585,0.0,4.237281,6.681922,3.211361,0.0
1.0767679,2.9632168,1.6076169,1.5991472,2.0654602,0.0,1.9197404,7.03094,3.475329,0.0
2.7998588,1.606544,3.8506289,2.9210315,2.1597323,0.6408693,2.4000716,5.21443,1.9463482,0.0
3.053439,2.046729,5.7162743,3.200085,1.5645496,0.33313638,4.8717127,7.1277475,3.0761666,0.0
2.4383225,2.2579916,3.6330104,1.0828724,5.3147335,1.4188168,0.8187543,5.3088627,3.5343373,0.0
3.299212,5.3229265,4.7824564,1.1962128,3.5464556,0.0,4.915779,6.1909018,5.352216,0.0
2.842649,3.2352443,5.7953906,1.0082633,4.8270893,1.5745769,2.898224,5.040119,1.5494251,0.0
2.0841768,1.5328518,4.844755,2.9472253,2.882494,0.72956383,3.8146963,4.957419,1.6467133,0.0
2.4869921,3.0637703,4.7289543,0.79698384,1.9871898,0.37396735,4.184615,7.4066033,2.1179938,0.0
2.038682,2.8376067,5.343552,1.9251546,4.702078,1.9705316,4.061205,5.669799,1.1090623,0.0
2.8708766,3.8748436,2.716538,0.75331104,3.3286772,0.4670966,3.1788428,6.169918,0.9040984,0.0
4.174224,3.3491836,4.78989,0.16829562,3.9131217,0.38873312,3.8300555,6.557271,1.4623315,0.0
4.739088,3.337134,3.2083519,1.3219824,4.137964,0.10107094,2.895321,7.339879,2.101626,0.0
3.658885,3.059721,3.2708268,0.6345471,2.1670418,0.20314676,3.325996,5.3444824,1.3636129,0.0
0.6705415,2.5179462,3.2292454,3.2225914,3.119913,1.07909,3.883801,5.897518,2.234464,0.0
3.0133908,1.3672867,4.5690155,3.7866433,3.4042325,1.6015917,1.2629008,7.170122,3.9360514,0.0
2.0471804,3.1005726,4.535062,1.9612231,4.355855,1.1257206,3.0565805,7.28302,2.1370757,0.0
1.6522639,4.649324,5.6438465,1.0705525,5.181042,1.2392354,3.56126,8.311617,4.436754,0.0
0.23978142,1.2992315,3.7710457,3.7870169,3.1432376,2.3763716,2.9580412,4.7664385,2.3296537,0.0
1.5602224,1.8944799,3.339415,2.321413,4.797065,1.2415624,0.46580365,7.1035657,4.858181,0.0
2.7070398,3.810487,5.5922494,0.91993153,4.0999403,0.94916296,4.0462165,6.636861,2.034281,0.0
3.4394875,2.5099602,7.028207,4.3278723,2.414886,0.0,6.488571,7.9895487,3.625564,0.0
2.655918,2.6078079,6.3421564,3.2032752,2.539133,0.0,3.9607296,6.9852734,2.888935,0.0
1.4404118,2.0746222,3.3455932,1.667409,1.2985117,0.09771602,2.8381114,5.5619764,2.0106115,0.0
2.6157417,2.1930964,4.161641,4.2900224,1.8462901,0.0,4.138153,6.4771004,3.3361993,0.0
2.7719378,1.7322816,4.7573557,1.4819379,1.6090481,0.21527785,2.788055,5.404311,2.2879696,0.0
3.9466097,1.4988917,4.2440257,3.6437876,4.3953886,1.8235176,1.2090861,7.109042,2.344553,0.0
2.9614322,3.296083,3.3347921,2.6455212,3.3710034,0.0,3.378696,7.0145493,2.4932332,0.0
2.9060469,1.7865782,6.0926733,2.8572302,2.3826134,0.539498,2.8092163,6.1498976,2.5332053,0.0
3.8727877,2.3727274,5.3548336,1.8455803,2.7356517,0.41524714,3.6221743,5.4385605,2.9400215,0.0
2.6690536,3.4269252,4.1040206,2.5414698,3.7945757,0.6247506,3.929203,5.708561,3.3553653,0.0
3.3357172,2.595302,5.538364,4.018407,2.510448,0.0,5.1314344,7.654332,3.3714678,0.0
3.1830635,4.10192,3.325367,2.582082,3.1087222,0.40775037,3.7265863,7.961855,1.9089537,0.0
2.5538044,1.953166,4.1767354,2.5741427,2.0892956,0.13815251,3.243991,5.7514267,1.268845,0.0
0.51556337,3.1889207,5.4970284,2.187267,4.229458,0.74446595,3.225655,7.5940995,5.825845,0.0
1.9978669,4.016955,4.9142847,1.7471738,5.472248,0.9293707,2.9877906,8.818632,2.46107,0.0
1.8528458,1.1216601,6.399479,3.890904,2.4623337,0.2002626,3.076574,6.001965,3.640666,0.0
2.9888515,4.5754147,4.05916,0.056528807,3.8153598,0.0,2.9591131,6.498,4.442359,0.0
2.8545287,3.4934914,3.1043522,0.9581101,2.7269397,1.1894623,2.7168174,5.573211,2.2980137,0.0
3.5953681,1.2531451,4.261096,3.3044753,4.1293464,1.7341256,2.0735943,6.2271137,2.0247326,0.0
1.3949473,2.6772044,2.828693,0.7401115,4.6987166,0.6363865,1.238022,5.5438156,3.2939744,0.0
1.823533,2.08668,3.3525882,2.9609349,2.6899743,0.058654517,3.1318784,7.142743,2.8414505,0.0
3.5396318,3.129169,6.3421793,1.9487327,4.1775517,1.4610332,3.433727,5.9818163,2.065136,0.0
1.5107247,1.722969,3.3410482,1.6846116,4.414828,1.1768687,0.31928778,5.5269957,4.1404285,0.0
0.7606279,3.0140643,3.5967329,2.3150506,4.8826156,1.0309156,2.6639318,6.460396,4.071075,0.0
1.2840219,2.7997255,3.5624905,3.2563076,3.2308848,0.96598196,4.026323,6.240673,2.638611,0.0
2.835513,3.0850072,3.9804263,1.1037384,4.16331,0.6541574,2.6545026,6.502801,4.6238065,0.0
2.1528513,2.599615,4.087111,3.3774366,3.8046696,0.04611957,3.2323267,7.2907305,3.0823317,0.0
2.300558,2.4602118,2.3826795,1.5049324,2.481128,0.24785626,1.2845597,4.659944,4.180091,0.0
2.923973,3.8369234,4.1883845,1.5755565,2.929814,0.0,2.267074,7.178361,5.7101097,0.0
0.5808676,4.452319,3.0708036,0.8140092,4.383705,0.9529262,2.0388248,7.5372562,4.0612984,0.0
0.87331676,2.7566843,3.61445,4.1405516,3.6215005,0.41043448,4.37133,6.042841,1.800559,0.0
2.5801864,2.1782477,5.0543747,2.5644374,3.2246132,0.6483812,3.2943928,6.0045834,1.2425343,0.0
3.6985936,3.527727,3.5923762,0.26052272,3.972475,0.5395777,1.6204065,6.090337,4.159801,0.0
2.6206925,2.550812,3.4357438,3.6057513,1.5109773,0.0,5.1736875,4.9732904,3.3175387,0.0
3.047145,2.5525758,4.697291,2.6640468,2.300654,0.0,3.0696297,7.074399,2.899929,0.0
3.1315527,2.3760896,3.1324642,3.7145169,1.4175167,0.0,4.461397,6.3884277,3.0801315,0.0
0.8347759,2.9167888,2.957331,2.094544,3.748263,0.7049543,2.5497637,5.473115,2.1050498,0.0
3.3723195,4.6666117,4.2129908,0.13318872,2.7188032,0.07636237,4.8279867,6.3813834,4.6595974,0.0
1.003202,2.870145,2.7093158,1.6081285,4.0573378,0.7041582,2.2751284,7.3309784,4.0430293,0.0
2.0460029,2.4532223,5.1523914,2.0476084,3.3097348,1.6494617,3.3779807,6.289319,3.1184773,0.0
3.2275577,2.8022637,5.316797,3.1121244,2.366628,0.0,4.086164,6.459317,3.4627626,0.0
0.96276474,2.6555,2.1887076,1.2806842,4.026017,0.79132223,1.8090129,4.7729597,3.3983731,0.0
0.75054526,1.7250538,3.4038367,3.3124144,3.109727,0.5515636,3.0812123,5.4419775,1.1935871,0.0
2.3445868,2.3881707,4.5655828,2.1400983,2.8457458,0.5028672,2.9629712,5.947238,2.9019918,0.0
3.1097724,2.9994092,5.4176416,1.1228034,3.9549918,1.18331,2.428515,4.0692644,1.4098151,0.0
3.0655315,1.7108605,5.59315,4.122842,3.8094227,1.3829473,1.9205247,6.8606977,4.2669115,0.0
4.229108,2.483521,4.583,1.7804956,4.4659266,1.0157064,2.4308872,5.673566,3.3185613,0.0
4.1382446,1.3202798,4.886033,3.2559524,3.4314156,2.292866,0.77253973,6.768821,2.6565158,0.0
3.9180923,1.9753006,3.781164,1.4331234,3.4233956,1.4947635,1.6867198,5.4051294,2.5398977,0.0
2.8293238,2.4189692,3.9922218,4.0221467,1.7922441,0.0,4.65831,7.1460257,2.745326,0.0
0.93821985,3.070336,3.57457,3.687698,3.9330492,0.8451281,4.1954885,7.775176,4.0485783,0.0
3.5850015,3.7767925,4.4487524,1.2154727,3.317675,0.0,1.2951027,7.2963924,6.316393,0.0
3.9422941,2.2651212,6.3693705,3.3348312,3.4427114,0.46935606,3.9711988,5.8746724,2.1972,0.0
3.3804274,2.3197188,3.7432377,1.2362556,4.0788827,0.6709481,0.9733445,5.831495,3.2633271,0.0
3.6491199,4.4398303,3.8432925,1.4104699,3.4316692,0.0377267,3.6277251,9.0420685,2.3329556,0.0
2.2582386,2.8900685,4.0058875,0.69964015,2.3861158,1.0044558,4.0500154,5.4055815,2.26257,0.0
2.7854295,3.657598,3.9767084,1.0360289,3.0774517,1.3195491,3.7623568,7.0344296,1.5782421,0.0
2.1369348,2.5885324,4.407422,3.361826,2.364096,0.19881302,4.7892976,7.0467324,3.6491904,0.0
2.5254056,1.6462247,4.6314006,3.7467494,3.1843314,1.4082514,2.0100582,6.4995346,2.5971694,0.0
1.4191952,2.5315447,2.5372725,2.9488065,4.5453506,0.025613487,2.3000295,6.3103495,3.2902422,0.0
4.909683,3.2232246,4.587924,0.83815014,5.440256,0.79276,1.5756322,6.449418,3.1674485,0.0
2.6357765,1.5436743,5.9404936,3.009008,2.4282641,0.44141293,3.5467887,5.556958,2.4791443,0.0
3.0141084,2.5486865,4.958808,1.7345818,4.5945506,1.0650834,1.4313607,7.300187,3.2981894,0.0
1.6436503,1.769526,3.7510808,3.1736474,4.1367188,1.1055704,0.6828275,6.829384,4.628663,0.0
0.29492563,2.1460261,4.1279745,2.595247,1.7423106,0.0,1.9886719,5.75601,4.219722,0.0
3.3163595,1.4535635,3.123453,2.9085815,3.703977,1.9427147,1.398004,5.4919243,1.2139864,0.0
3.9293134,4.610526,4.4924793,0.3334279,5.183001,0.3032869,2.2403324,7.1265583,4.736807,0.0
2.613369,1.2031734,4.4222255,3.8493762,3.2662182,0.8584995,1.6425544,7.984208,3.900528,0.0
3.4382558,3.6568775,4.6558833,1.2334406,5.150728,0.8120636,1.6869557,6.4468684,4.193061,0.0
0.55160517,1.8769044,5.732328,3.187637,4.2150865,0.9513179,2.3663278,6.513028,4.32815,0.0
3.5226479,1.6933278,5.194764,4.7847853,3.3771033,1.3562667,2.0339556,7.423805,2.7845926,0.0
1.7879577,1.5470752,5.420865,1.9716468,2.8539336,1.4388165,2.3811839,4.856181,2.8298984,0.0
1.2900057,2.5342453,5.0992475,2.081354,2.3605442,0.20913547,2.6340528,5.737516,3.7882204,0.0
2.1341186,1.6727464,3.137401,2.5617507,3.0789578,1.3271929,3.1672676,4.530643,0.2172941,0.0
0.7947828,2.2842164,5.1998997,3.4750376,2.8805523,0.022814184,3.151833,7.0014477,5.7462273,0.0
3.078311,3.8829765,3.1729746,1.5578566,3.2070498,1.1486623,3.7628088,7.5098853,1.9714293,0.0
0.7800087,2.165494,3.10823,4.3909197,2.2808135,0.8911998,3.9525115,6.121586,2.5508933,0.0
1.7973235,4.2033706,2.253967,1.0356123,3.7619793,1.1938648,3.5139184,4.632145,2.9500191,0.0
0.36321807,1.719642,5.4949627,2.725128,2.3467295,0.77132225,2.4756644,6.931441,4.920769,0.0
2.8154383,2.1338117,5.033207,3.360429,3.3790834,0.7965531,2.510559,7.0347805,4.035774,0.0
0.39589667,2.1650317,4.2063274,5.037131,3.3598645,1.3535134,3.99547,6.9993677,2.522013,0.0
3.9694095,1.5484371,3.548685,1.3312268,3.4693034,1.1005217,0.5572685,5.1067,3.324993,0.0
3.0180283,3.126722,3.3914223,1.9297867,1.8087946,0.390382,3.8504205,5.704071,2.489252,0.0
2.214909,1.3243709,5.5049906,3.5842133,1.3968499,0.10318875,2.5984306,6.2583146,3.4728868,0.0
3.5881534,1.4751426,4.164504,3.387011,1.2862188,0.0,3.532569,6.1502013,2.9521213,0.0
2.4671054,3.2161496,5.435887,0.93899417,4.893234,1.6512778,3.6928453,5.0038,3.4494956,0.0
1.1641953,1.1015384,2.9580603,4.250067,2.0163746,1.1647613,4.182768,5.5882134,1.4187299,0.0
1.3702695,2.4683275,4.0589314,2.8375888,6.0384064,1.4488935,1.8773172,6.630927,4.308783,0.0
2.8506804,2.8294196,4.9100413,1.6560318,3.1507196,0.27891695,1.7677202,6.1784472,5.7495065,0.0
2.4411068,1.4872618,4.023427,4.2890425,0.74967843,0.35254186,3.5599089,5.5193715,2.0532413,0.0
2.7978854,2.179433,4.0566254,3.6804423,2.2426147,0.28463387,5.2334766,6.27051,2.6598046,0.0
1.0916353,2.613367,2.9045923,4.5463367,2.948565,0.37970853,3.7267218,7.494393,3.0096207,0.0
1.7399979,1.8340905,3.2820506,2.355052,4.7820377,1.0599704,0.96269166,6.7137146,3.7530904,0.0
0.8677035,2.2318351,4.477995,2.6269708,3.8098912,1.0835525,3.6549091,6.9077387,1.7418677,0.0
4.314132,3.7187138,4.1686535,1.4906636,4.1388345,0.6883888,4.2607775,6.947089,0.91292,0.0
0.67758214,3.1178434,2.622859,3.7585607,3.6067848,0.05554518,4.216667,6.689602,1.6456715,0.0
4.3194346,2.2642133,4.812134,2.2615798,3.4721868,0.5526103,1.2323365,7.232317,3.703661,0.0
2.030672,4.0892334,3.0862803,1.2730902,4.4009447,0.347606,3.199056,6.4921446,3.1069908,0.0
3.6546125,3.06046,4.117298,1.1754184,4.7168374,0.66425323,1.9649689,6.624337,3.8441112,0.0
1.3294088,2.625408,2.5865061,2.670209,3.347871,1.0227278,2.8009522,6.237048,3.3821738,0.0
0.3917428,2.4341955,3.984007,2.3920474,3.3670187,1.0382524,2.0207052,5.6602507,4.811768,0.0
2.9232705,0.5804185,3.8235624,3.960854,1.2942197,0.81684566,1.8477739,5.4546604,1.8649552,0.17965305
2.6172419,2.610766,5.2334642,3.7491348,2.2561033,0.0,4.7757487,6.442605,3.6124234,0.0
1.2496152,3.7362237,4.621913,1.4964122,4.2642856,1.7186202,4.4725313,6.8665447,2.6765683,0.0
1.2553892,1.3384781,3.7652726,3.6694338,2.683744,0.9015937,2.4330873,5.570429,1.9585984,0.0
2.829319,1.1393538,5.555827,3.1312394,1.8844173,0.25170422,3.222906,6.0455256,2.8211615,0.0
2.2632465,1.7439814,5.6647897,3.1549928,2.3500495,0.29123503,3.910509,5.985781,2.80655,0.0
2.7409828,1.1517243,5.385198,3.5057256,1.841693,0.0,3.937064,5.673435,3.7897496,0.0
1.4018259,1.8967499,4.491318,3.189234,4.0402107,1.0654978,1.8338337,7.859559,4.620033,0.0
0.057668716,2.6659014,3.401363,2.3736029,2.0016384,0.0,2.7107453,6.023504,4.8142705,0.0
3.081828,4.130313,5.3896036,0.9812286,4.5678926,1.2410367,3.357245,7.4139414,2.0026913,0.0
3.28173,3.2551634,3.9329028,0.33016527,4.333136,1.1535535,1.0520384,6.432659,3.575221,0.0
2.5410085,2.3046713,4.39495,1.7193421,3.4493546,0.648741,2.7535143,6.2359686,1.6501503,0.0
2.8109899,1.3314047,3.947352,3.3648622,3.22711,1.9910094,0.9147997,5.2025585,2.2985768,0.0
0.6044412,1.0720104,5.343338,4.0049725,3.3592076,1.3405151,3.7574577,5.706926,3.0808961,0.0
2.98874,2.425889,3.9793804,2.160705,3.0572844,0.9657247,3.7511878,4.4054513,1.2445171,0.0
2.3914251,2.4009807,5.089731,3.2674003,1.0081768,0.0,3.6718473,6.7328453,5.3176947,0.0
2.5970922,2.651868,3.3358836,3.023799,2.8126884,0.015257359,3.0118136,8.051558,2.9471784,0.0
2.2040734,3.3166924,3.8472662,1.7446693,2.498816,0.0,4.4912806,7.9007416,1.6375777,0.0
3.523333,2.1881351,4.777145,2.8796575,1.5515668,0.0,3.5381894,6.102003,4.5162997,0.0
3.2650852,1.6814162,5.3242016,2.768584,1.9647232,0.0,3.359644,5.573052,3.13173,0.0
2.2680821,2.2901227,4.7535043,2.2217224,1.3827989,0.0,3.4196744,5.631823,2.6957707,0.0
3.362485,1.7700771,4.5057755,3.841978,3.8031216,1.6532891,1.4455484,6.664306,3.1515048,0.0
3.2025852,3.0826342,3.2094119,2.1520007,2.7074795,0.0,2.9564154,7.266385,3.117821,0.0
1.4440949,3.409183,2.5615523,3.8950582,3.9277685,0.2720349,3.728547,6.169602,3.5975463,0.0
1.3255568,2.4495687,3.7938025,2.0527549,4.6487627,2.4390464,2.117829,5.2682524,2.4937139,0.0
3.067994,1.5301538,4.778174,3.0194423,3.3927357,1.6133326,0.4291129,5.591968,3.2139819,0.0
2.7690086,2.0522964,3.195496,2.9047854,2.3304763,0.0,2.9372756,5.9619465,3.2122152,0.0
2.941445,1.9221466,4.489764,3.652531,1.123759,0.0,4.251869,6.061102,1.9144862,0.0
1.6692718,2.5271554,3.6683545,3.7255783,1.3809004,0.0,3.4237227,7.061864,4.1050806,0.0
3.7679987,2.801222,4.3809137,1.2188292,3.5989132,0.6964635,0.52650315,5.6214294,4.180421,0.0
4.0053368,2.345408,4.3844547,3.1679707,2.2343743,0.0,3.6169722,6.915839,3.899097,0.0
3.4075432,2.3175316,4.2238255,2.6757655,2.017155,0.0,3.933034,4.739536,2.5694387,0.0
2.4227428,2.3308752,2.7726164,2.008883,2.1578698,0.065258086,3.2144442,7.4488454,1.4190633,0.0
2.23847,1.1130314,5.3734193,3.6540651,2.5450444,0.25282875,3.064124,6.2116156,2.881218,0.0
3.9829936,3.1013434,4.826764,0.4142059,2.8578086,0.15905362,3.9542575,4.6639924,2.943676,0.0
4.3471446,2.9273224,4.010338,1.336285,3.110256,0.40476307,1.0387311,5.985221,4.3238564,0.0
2.040488,1.5771612,5.3940306,3.3068047,2.1084943,0.0,3.0248475,6.385218,4.0644245,0.0
3.3478732,1.8562474,4.466792,2.3549364,3.5411077,1.412726,1.3174744,6.153611,3.5542755,0.0
2.309303,3.0431552,3.5725527,1.8001142,4.3044543,0.4475139,1.1670008,6.9745317,5.011882,0.0
4.198097,3.7061002,3.1994107,0.823665,3.9112067,0.26300785,3.302733,6.710068,1.5743794,0.0
2.1099458,1.9896536,3.6605258,1.0692009,2.2620323,0.081605434,2.0803792,5.492094,2.0909579,0.0
1.9058106,3.2748165,3.4414024,3.0772998,4.131192,0.36994708,4.414317,5.9001236,0.7119085,0.0
3.0082,1.8284804,6.031434,3.3984613,2.5660276,0.0,3.9067254,6.2675714,2.6085546,0.0
3.4571362,4.388279,4.0900297,0.0,3.9650776,0.0,2.2419388,6.905531,3.990127,0.0
2.9334111,2.796334,5.1980624,1.970661,2.8943658,0.21644592,1.7866944,6.874651,4.3703685,0.0
0.74166447,2.5916793,4.067497,4.033716,4.663052,0.95263124,2.9441977,7.7801657,3.1799006,0.0
3.4646018,2.9347677,4.336227,1.1109233,3.0116467,0.5778471,1.9060023,5.972872,4.469641,0.0
2.9237213,3.45272,5.272831,2.2720432,4.283145,0.040008247,4.429166,6.1667967,3.1613724,0.0
1.6831375,1.4577465,5.3222985,3.2401214,3.3264394,1.4807553,2.9670444,5.545091,2.108141,0.0
2.2944798,4.383445,4.1585183,0.61545527,4.086643,1.0840484,4.269619,5.8153667,3.3856764,0.0
1.9020507,1.0132346,5.5699444,3.8267255,2.1801913,1.4240265,2.8861718,5.819688,2.1701937,0.0
3.991399,2.8682966,4.197523,3.2132065,1.6057379,0.0,3.6986184,6.780982,4.2908664,0.0
1.6893928,1.9788786,3.5407977,2.060602,4.568326,0.855458,0.7281584,6.263955,4.6322722,0.0
2.7123988,2.0536494,4.887335,2.6367664,4.1564755,1.3707731,2.1842082,5.727688,3.1668272,0.0
3.435761,2.7855186,4.4323096,1.6526808,3.6890285,0.7264782,1.613203,6.4887,4.080782,0.0
2.038599,2.5807378,4.51117,1.5602542,4.8652925,1.1716223,1.4538827,6.0551243,5.7133884,0.0
2.9891748,2.4459765,4.5444994,2.7892466,3.4960961,0.20865697,3.2855892,6.929987,2.798985,0.0
3.3210502,1.5927564,6.204282,3.2461858,3.068866,0.6742626,4.4347477,6.359187,1.4455897,0.0
2.3995209,2.154319,3.9492984,3.4542506,1.3566549,0.0,3.7925482,6.4134254,2.583918,0.0
3.376112,2.7762198,4.8215075,1.9260334,4.204937,0.7730198,2.0795243,6.0300117,3.8336675,0.0
3.4097881,3.3762217,3.306603,2.064371,2.866146,0.0,3.1662655,5.995614,2.9962373,0.0
3.7754862,2.9878178,4.9075184,0.5281657,2.815778,0.0,3.5371416,5.132515,3.0025167,0.0
1.8683615,3.3491757,3.7212245,1.6715561,4.973334,0.12832394,2.391589,6.6702633,5.0790434,0.0
3.9445143,1.584001,4.9561243,3.4539015,4.103932,1.5771055,1.2884057,6.5022507,3.1052425,0.0
2.3563719,2.1432223,4.6003284,2.1854749,4.780357,1.2145625,2.3366668,4.910157,3.682405,0.0
2.3700569,2.7281616,3.5583959,1.3943156,5.649787,0.7097926,0.8023381,6.649084,3.802071,0.0
0.89670575,1.8163177,4.8369155,2.9861927,3.2835784,2.0494819,3.2316494,5.980071,3.4466834,0.0
0.0,1.5184038,2.8527431,2.8760457,2.7079692,1.6001303,2.1960542,4.091778,2.2002828,0.0
1.2431258,1.8746471,5.7403116,3.3943875,4.052854,1.5740002,3.8683693,5.998266,2.5805936,0.0
0.8424195,4.163045,2.9755006,1.5678724,3.5427904,0.016770571,2.569979,8.305683,4.335659,0.0
3.1054862,2.1493878,6.423339,3.0999684,3.0141692,0.8771961,4.4159594,5.9933553,2.3774652,0.0
3.8104565,3.1378732,4.1678247,0.94396186,2.9701433,1.2618492,3.8017843,6.009908,0.6695169,0.0
1.5186317,3.0587606,2.8247597,3.1729262,4.063264,0.0,3.9899254,5.5159683,1.7018619,0.0
3.2768474,1.925514,4.534877,3.2298412,4.111056,1.6709778,2.2065125,6.5901127,2.4456146,0.0
2.4273815,2.2813745,4.6012526,3.7395198,2.1853042,0.0,2.8691144,7.6476693,3.483787,0.0
3.7685328,1.501939,4.7038655,2.7772832,2.9094155,1.9498606,1.6266161,6.1322355,2.3995411,0.0
1.7117289,2.1176913,3.940844,1.7414074,4.7013035,1.377701,1.1873977,5.787937,4.5207405,0.0
2.0240252,2.0785508,2.987581,2.744019,4.4829,1.0564355,1.2154804,6.4234324,4.2862186,0.0
3.3605914,1.4595385,4.8749857,4.3089566,3.1355367,1.2033918,1.9269073,6.8716316,3.6503086,0.0
0.6331843,3.6261163,5.880455,0.96461356,3.9047356,1.3453625,3.6324344,7.4344873,4.2358437,0.0
2.4292545,2.5301583,4.5319786,2.454708,5.29953,0.9822304,2.522467,7.2988186,4.744547,0.0
3.6613536,3.3248577,5.5154123,2.2667756,4.2686505,0.31216013,1.974113,7.833768,6.13012,0.0
2.8598514,3.177577,4.385064,1.3849633,5.293036,0.60079026,0.8521396,6.5497303,4.6404195,0.0
1.8840148,3.5890455,2.2717497,1.8292209,1.7348309,0.0,2.2092032,7.1727095,3.8422241,0.0
1.2523409,3.0166335,5.065689,2.011034,3.1018798,0.9604472,2.9836454,7.2219505,4.4338655,0.0
3.3195925,3.039165,6.017238,2.246413,4.8666334,1.9451699,3.6611085,5.8722315,1.0409396,0.0
3.876356,2.118175,5.200596,3.5597346,4.8435616,1.5470988,1.542838,6.491182,2.908006,0.0
2.0475528,1.9483236,2.890986,2.8316739,1.0115268,0.41289413,2.6285777,5.492587,2.2740378,0.0
4.0608053,2.7498422,5.060638,0.9080843,4.215306,0.9435511,1.288871,6.3289495,3.6644664,0.0
2.8646674,1.5068562,4.142751,3.7712586,2.6303723,1.0710933,1.5182209,6.273449,2.8774252,0.0
2.61945,4.4450617,2.59785,0.973329,4.4062686,1.277118,3.7629542,5.1491137,2.5490227,0.0
1.9350616,2.6836276,4.228197,2.19213,4.13066,1.3835564,3.155219,7.7308207,2.1249585,0.0
3.3748112,3.4424663,2.4056938,1.1422192,3.5578096,0.5488459,2.2888303,7.1455193,1.8874861,0.0
3.177093,1.3436785,4.5576925,2.840106,2.6597047,1.7798194,1.258648,5.808587,2.179984,0.0
3.6742013,1.7663696,6.502698,2.8591897,1.9975258,0.35404092,3.805284,6.8322144,3.182996,0.0
2.6565843,2.0577638,5.0334806,2.4590247,3.1902843,1.1137251,3.5371356,5.043171,1.931989,0.0
3.6594896,3.528259,4.2625666,0.28750134,4.38302,0.71384805,2.0054874,6.2495465,3.993956,0.0
0.9646475,2.0581725,2.6821353,3.8176432,2.13711,1.1222388,3.650977,6.261323,1.1403631,0.0
3.108839,1.9496683,5.755952,3.7846532,3.3391113,0.70106983,2.3839955,7.2031355,4.543117,0.0
2.1127725,3.0015402,5.7265205,1.0810393,4.971265,1.497882,2.0358393,5.174221,3.3935819,0.0
3.529471,1.5577953,6.049877,4.273453,3.5414698,1.0209913,2.6158905,7.1382933,2.1102405,0.0
2.8473153,1.3709097,4.712951,3.0835242,1.5353928,0.17840666,3.6070533,5.281768,2.5925589,0.0
3.9724455,4.461526,4.824127,0.0,3.5759468,0.28359938,3.5938427,5.5195007,3.916241,0.0
2.342187,2.574628,3.1404138,1.4229863,5.213599,0.89958,0.77730274,6.6389413,4.126428,0.0
0.22489642,2.1348102,3.8607137,3.9237373,3.7834394,0.9406729,3.9003541,6.581821,2.4637833,0.0
0.2398732,2.943427,5.470847,1.2140291,3.486091,1.191553,4.238685,7.1503687,3.9578426,0.0
0.78826046,2.5412486,3.2420073,2.5953639,3.8942804,1.1799575,2.7566824,6.5640078,1.3735675,0.0
4.115091,1.6665092,5.2191,3.4950323,3.8281946,1.3651583,1.3248105,7.426424,4.2310658,0.0
4.0599976,2.5466862,6.068697,2.0992546,3.6111817,0.77650106,2.5556645,6.974862,3.7086253,0.0
3.4833007,2.7915092,3.8368092,1.7127495,3.2965825,0.43256366,1.27887,7.3771048,4.264946,0.0
2.2997708,4.0778413,4.7256136,2.150571,3.5726953,0.0,3.115993,8.901072,3.6642675,0.0
3.5366068,1.655927,4.5864487,3.494947,2.737706,0.93916225,1.0031551,5.109589,3.1388514,0.0
3.9117675,3.5718184,3.8407714,1.8825228,2.9636874,0.2773633,4.777374,6.441348,1.7221826,0.0
3.2003675,3.3853831,4.302136,1.3840058,3.2242012,0.8122152,3.3597944,8.301508,1.5056767,0.0
3.2669213,3.0294943,4.439341,1.1169899,3.2766905,0.39869234,1.4819294,5.876025,3.5610983,0.0
2.461219,2.1074314,4.7323976,3.8727555,2.1656036,0.39692453,1.80959,7.5269766,4.236906,0.0
1.9534923,1.5473739,5.0052967,2.5273104,1.6744184,0.0,2.9419987,5.2864943,2.6257806,0.0
0.5518389,2.502948,2.75156,4.1727347,3.060433,1.3539985,4.136689,6.0204353,2.3291628,0.0
2.602696,3.301599,3.7114534,1.9885448,4.294154,1.5590086,3.7967753,5.2617874,0.7658129,0.0
0.4510907,1.8749844,6.1179295,2.2139518,0.8571703,0.16045105,3.6935372,6.3595324,3.8554006,0.0
1.0955482,2.5999951,4.0580125,3.2092788,4.2443023,1.5540946,3.5479398,6.2700653,3.0478928,0.0
4.4347315,2.6315382,4.1946898,1.0991833,3.5957613,1.126976,1.0033225,6.623166,3.1506305,0.0
1.2365801,1.5588424,4.283212,3.4216824,5.271695,1.4969697,1.0871142,6.6843815,4.1000247,0.0
4.1170216,3.3271706,4.996605,1.0269357,3.8963978,0.65337586,1.6471566,7.540904,4.223413,0.0
3.228414,4.0544333,3.7788403,0.0,2.650969,0.020355403,3.0844762,5.7043447,4.1577764,0.0
2.835102,2.3463988,5.9757214,3.5312612,2.523555,0.0,4.1347284,7.20529,4.414506,0.0
1.2313828,1.9533887,3.4522374,3.3367095,3.8130877,0.6881581,0.93347317,7.3823996,5.68263,0.0
0.0,1.8476837,2.882286,5.3620453,4.0579395,1.5591968,2.9571414,7.822879,3.5138373,0.0
2.049649,4.027535,3.2658756,2.119207,3.6119335,0.058053046,3.1339707,6.9923615,5.332046,0.0
2.7231498,2.2731004,4.0402327,2.983243,1.1423167,0.0,3.8258448,5.780459,2.6401894,0.0
0.6045204,2.444118,3.1422634,3.6802669,3.6028643,0.8190531,3.8038166,6.4256287,2.681778,0.0
1.9872344,3.4256134,3.5900428,2.7420115,4.0360603,0.0,3.859177,7.9701853,3.5542846,0.0
1.5564928,3.6998332,2.5632486,2.0214148,4.4268637,0.06817141,3.0954885,7.807626,3.8319159,0.0
4.190831,3.317159,4.6196256,0.6199527,4.8336816,0.7209075,1.4741033,6.3225465,4.2848845,0.0
2.72905,1.795824,5.106786,3.7296278,2.225359,0.0,3.7372305,6.9763346,3.646072,0.0
2.8140574,2.8491917,3.728948,1.8952225,4.1393337,1.0751542,2.5652416,7.0398293,2.650125,0.0
2.3868582,2.9423132,5.390319,2.7363904,3.7824907,1.0558932,5.321894,6.549073,1.9522084,0.0
2.7123504,3.8120925,3.4357061,2.5532887,2.9020872,0.4621627,4.7224197,7.3842263,2.0206883,0.0
1.6912117,2.383138,3.1965923,1.8971441,4.894995,0.9792574,1.1989573,6.620035,4.778368,0.0
2.924226,3.214091,4.3074226,2.1795056,3.4470108,0.049144268,3.3776743,7.1368246,2.9115174,0.0
1.1877677,2.6978216,4.5846705,3.002468,4.3812103,1.0654886,4.3918447,5.8940783,2.4795637,0.0
3.3132215,3.1758707,6.524104,1.6890103,4.4315543,0.7986653,3.4368649,5.0511737,2.8247652,0.0
2.6616697,2.7078156,5.10309,0.64866567,4.665281,1.5530033,2.948542,4.30355,2.502022,0.0
3.5437922,3.6370916,4.5212674,1.398445,4.5369825,0.3575333,1.7901211,7.149144,4.605167,0.0
2.7207954,1.2744553,5.209154,3.7399004,1.2014006,0.0,3.2631063,5.9093914,5.256257,0.0
2.5954382,2.091159,5.894457,3.7620254,2.0991116,0.0,3.0691407,7.9828367,4.2355304,0.0
0.0,2.094191,5.198698,3.051248,2.7643719,0.67828023,3.0033565,6.2443905,3.8818128,0.0
2.4498806,3.1250572,4.1747046,2.0232906,3.4813094,2.0247405,4.1496835,5.638734,1.0033458,0.0
3.5105026,1.6711445,4.753961,3.53895,3.8353515,1.1830446,0.9299723,6.22083,3.471944,0.0
3.7501893,1.5001318,3.8969936,2.3409622,3.671535,2.03517,1.2154238,5.3972073,3.037808,0.0
0.7941331,2.299487,3.0864933,2.600773,4.256505,0.32377082,1.1860853,6.5469303,4.461098,0.0
3.977625,2.11868,4.2156124,2.7817411,0.5909474,0.0,4.321333,5.6907663,3.647561,0.0
2.9589162,2.5998878,3.3205862,3.2224514,3.0009465,0.0,2.407558,7.0569515,4.9792795,0.0
3.6922657,1.5064942,4.5975842,4.2554274,2.4986641,1.1372238,2.0637088,6.930741,2.7097616,0.0
1.4494728,2.7954926,3.0667381,1.3077102,4.400071,0.62096596,1.4553945,5.741763,3.8307137,0.0
2.7506852,1.2872192,6.0552917,3.7392337,1.5553924,0.3220294,3.260606,6.8260527,3.099507,0.0
1.6331558,2.8632557,4.1688356,2.3325846,5.875304,1.3274308,2.4701648,6.1585035,4.6617947,0.0
4.185634,4.5546083,4.33323,0.675491,3.0245378,0.22352704,5.14214,7.7292023,2.0209682,0.0
2.42179,2.7334275,5.272152,0.97762656,5.1162405,1.8595535,2.5610805,4.624299,0.72298527,0.0
