0,1,2
1.2144849,1.7855504,0.32589826
1.2553511,1.8055453,0.2847107
0.96534604,1.5702274,0.39486626
0.9079636,1.5059972,0.40372762
0.8860807,1.4925203,0.42546275
0.94736177,1.4661305,0.43528318
0.8934482,1.4559138,0.4028863
0.75026494,1.4049523,0.4341796
0.7669677,1.371464,0.43039608
0.62396175,1.2369456,0.32939374
0.6000071,1.1788054,0.39005518
0.61363083,1.1099193,0.36448485
0.5942667,1.1571698,0.4214118
0.6510299,1.1876271,0.42809418
1.1315222,1.6099718,0.36053315
1.2447987,1.7645333,0.2632274
1.2162411,1.8100874,0.29460815
1.2000937,1.9024158,0.3105518
1.1033378,1.8233542,0.3381349
1.1441045,1.7039306,0.39646527
1.2320104,1.9851232,0.27522188
1.2502742,1.9904468,0.4020316
1.2659879,1.9119599,0.3696448
1.2299082,1.828146,0.43459752
1.132633,1.8356497,0.43477643
0.9857145,1.6866024,0.35747257
0.9748418,1.6878443,0.3705105
1.1101744,0.90923524,0.6109939
0.73185474,1.3203745,0.38779938
0.66748244,1.0796723,0.52356863
0.6538661,0.85206866,0.4867284
0.7412991,0.25462794,0.54185236
1.4142058,2.2413423,0.1428392
1.0822926,1.7390237,0.2798568
0.9762017,1.5649512,0.3685221
0.8353035,1.4718719,0.39202207
0.81645936,1.4851832,0.396047
0.76799864,1.4073994,0.36377943
0.68364316,1.3287678,0.45051488
0.56684655,1.2877023,0.49425337
0.5876635,1.2089119,0.4800599
1.1787119,0.9984112,0.47214702
1.0753798,1.5922322,0.20605242
1.1015115,1.7872508,0.26925516
1.0975924,1.8526232,0.31798506
1.0971689,1.7655532,0.3680237
1.1267159,1.7567251,0.44818926
1.1803083,1.8682034,0.3365628
1.1878903,1.8567574,0.371684
1.1334577,1.8474655,0.4360515
1.0253353,1.6713531,0.45668003
0.9858889,1.6692,0.397278
0.9439135,1.6121004,0.41435027
1.126327,1.1876085,0.6365961
1.1716514,1.2310531,0.60891175
1.1391048,1.4501195,0.4588823
0.9510729,1.5860357,0.44558513
0.7064335,1.1845062,0.5640019
0.6149556,1.0487103,0.54191077
1.600986,2.1664543,0.37459785
1.1346471,1.7777686,0.2809415
1.1676838,1.7196865,0.30478713
0.72408634,1.4855235,0.40806368
0.6279654,1.356473,0.49682754
0.6192021,1.3853478,0.47906157
0.6593427,1.3198504,0.47860122
0.662291,1.2057538,0.5560751
0.63394076,1.1320326,0.5577009
0.65723675,1.123173,0.5080807
0.8250008,1.1322818,0.55905193
1.0810354,1.0430706,0.5486461
2.4171913,0.26539254,0.3328985
1.0611317,1.7609391,0.3645563
0.99809307,1.7708921,0.3732023
0.9031665,1.6871641,0.37749943
0.9394409,1.6339276,0.4128962
0.9794733,1.5962787,0.44817564
1.0819888,1.4690886,0.50272286
1.0409882,1.612638,0.40364593
0.69581217,1.0982263,0.56084687
0.5884978,1.0554206,0.5766572
1.5075929,2.2549293,0.20229441
1.0885904,1.714015,0.2991126
0.98213154,1.6820009,0.31486616
0.94676155,1.6693165,0.36088744
0.9458303,1.5617566,0.45394886
0.70611495,1.4109254,0.5398681
0.8189537,1.3342235,0.4943926
0.98856014,1.1216798,0.4831354
1.7420213,0.74440813,0.47445574
2.1318116,0.49378216,0.42582792
3.1223564,-0.0,0.16156751
1.1000202,1.4272583,0.29747763
1.1406529,1.9000928,0.3895166
1.1847494,1.9768748,0.42115286
1.1733041,1.9458461,0.3621737
1.1085725,1.9000657,0.38319364
1.0872631,1.8310642,0.41560957
1.046124,1.8079033,0.48429698
1.2012846,1.9289255,0.3624105
1.1358507,1.7856503,0.3851901
0.9794279,1.6886163,0.43351117
0.96309227,1.6368728,0.41988936
0.98556274,1.6692302,0.44048673
0.95814747,1.6746154,0.48887244
1.0043118,1.6571062,0.42724624
1.0913835,1.7303843,0.4085876
1.0344162,1.7421877,0.33570102
0.64287394,1.0609796,0.5968286
0.9776866,1.680208,0.28871596
0.7542257,1.4783626,0.49295205
0.68132645,1.4308398,0.51312625
2.3967276,0.3468367,0.4360147
2.9476933,-0.0,0.21378303
3.4411912,-0.0,0.019530475
2.8440998,-0.0,0.20653516
1.057265,1.5992987,0.30658934
1.0876155,1.8929741,0.32555273
1.1183169,1.9130738,0.38613483
1.2075548,1.8643987,0.39685735
1.1617968,1.9379537,0.36184418
1.2127213,1.8461306,0.36661842
1.09796,1.781656,0.40757766
1.2207732,1.8393312,0.45901686
1.1386397,1.7870045,0.4713905
1.0899284,1.7663386,0.4618072
1.1183043,1.7118266,0.41831222
1.1289332,1.7335894,0.42496714
0.94398993,1.4770067,0.47349983
0.7454491,1.2899802,0.5675924
0.6416599,1.0192356,0.6897385
1.0374825,1.7132866,0.2659244
0.7126338,1.4623137,0.45951718
1.3031123,0.95866084,0.4214892
1.6626463,0.8532975,0.46296594
3.1118865,-0.0,0.32549176
3.3024025,-0.0,0.2081793
3.5487814,-0.0,-0.0
3.4917731,-0.0,-0.0
2.5688603,0.1098845,0.16209042
1.0819798,1.8840153,0.3227683
1.1552837,1.9243643,0.38725367
1.1234787,1.8604982,0.3267511
1.2099729,1.9738789,0.36145183
1.199913,1.9369524,0.34908977
1.2485552,1.9365923,0.35326618
1.119329,1.813041,0.3757583
1.1933255,1.8087845,0.43176216
1.2366073,1.8901985,0.34070486
0.9074326,1.4623237,0.23376411
0.76695615,1.336416,0.30760372
0.71741635,1.1999669,0.4310805
0.7036622,1.211216,0.5250364
0.551204,0.93888664,0.64494956
1.3127396,2.014117,0.117717505
1.1812961,1.8750753,0.24664897
0.9372445,1.6509566,0.40566018
0.83003,1.623163,0.45669964
0.82219833,1.5657713,0.49813685
0.81233877,1.456506,0.45658028
1.859668,0.7506069,0.46449474
3.6880102,-0.0,-0.0
3.6686063,-0.0,-0.0
1.1474521,1.8806541,0.35283765
1.1178999,1.8739278,0.35986164
1.1565757,1.8958759,0.33709764
1.2891402,1.9433374,0.29826966
1.1694989,1.845782,0.32611933
1.3608875,1.9675355,0.33863735
1.1446812,1.8610299,0.34685037
1.1387489,1.8562064,0.33517227
1.0344744,1.6975937,0.32111862
0.58409506,1.199769,0.52502435
0.67202,1.2367399,0.47100228
0.70955426,1.2241096,0.5053688
0.6362743,1.2003369,0.53380716
0.59125775,1.1892195,0.5813627
0.5957094,1.0947807,0.6374478
1.2520561,2.0050082,0.19942445
0.96424407,1.6703117,0.43725213
0.90716535,1.4304755,0.4226815
1.4614251,0.98616576,0.4519294
3.0533974,-0.0,0.045714796
3.8645158,-0.0,-0.0
3.9761424,-0.0,-0.0
3.5950751,-0.0,-0.0
3.422587,-0.0,-0.0
3.2375255,-0.0,-0.0
3.294475,-0.0,-0.0
1.6774518,0.98952127,0.22236162
1.1306751,1.9460719,0.35791677
1.1797159,1.931545,0.42516237
1.0884664,1.89713,0.39854193
1.1333082,1.8344412,0.3833325
1.1655161,1.8608587,0.3286835
1.1726439,1.8748834,0.33436835
1.1882386,1.9028723,0.24860334
1.1956053,1.8450725,0.31051832
1.0797637,1.7598124,0.3618114
1.3437939,1.9496138,0.30672222
1.0944505,1.8418283,0.37542218
1.1404939,1.6739132,0.33008945
0.60013837,1.349524,0.31263196
0.60051626,1.2124844,0.3991084
0.59363407,1.0989988,0.54518706
0.6268948,1.1571507,0.5997488
1.6925035,2.38275,0.07410973
1.2802434,2.0405262,0.3121947
1.1161051,1.8209281,0.44190094
0.91427237,1.6719563,0.4431404
1.0948436,1.4385481,0.43527472
2.5282671,0.30117834,0.33462995
3.306302,-0.0,0.09092027
3.3178062,-0.0,-0.0
3.1637192,-0.0,0.035018623
2.982959,-0.0,0.11283022
2.6637042,0.044278383,0.22504592
1.052572,1.7277484,0.32318914
1.0999465,1.8170671,0.38158154
1.1007574,1.8758016,0.3497064
1.1404667,1.9467819,0.32994533
1.1670907,2.0027406,0.38635403
1.1767211,1.9109521,0.33928335
1.248323,1.8418043,0.2874571
1.1771164,1.8407125,0.35621715
1.1090302,1.870501,0.4237455
1.1348536,1.9681745,0.4202395
1.3809464,1.9750247,0.32113087
1.1339557,1.8539095,0.32558432
0.9676263,1.6352353,0.28175735
0.48655826,1.1303337,0.30971488
0.5548751,1.0058229,0.47708517
0.604659,1.1865225,0.51266485
0.69203,1.2626812,0.51769865
0.6254762,1.1084943,0.47067276
1.39763,2.0793352,0.36710548
1.3276529,2.050367,0.3708595
1.0940425,1.5360417,0.4217509
2.654723,0.26149905,0.3930986
3.0093026,0.015141964,0.299424
3.4578056,-0.0,-0.0
3.551896,-0.0,-0.0
3.286168,-0.0,-0.0
3.6841211,-0.0,-0.0
3.573975,-0.0,-0.0
3.3129706,-0.0,0.03093338
3.1612544,-0.0,0.06062597
3.0854034,-0.0,0.026427329
1.0536587,1.763901,0.38766855
1.1259646,1.811167,0.39713913
1.1709363,1.9782398,0.3366131
1.2111418,1.8944087,0.37115538
1.1820576,1.8817992,0.46953434
1.3196373,1.9636676,0.2802598
0.7606407,1.461395,0.24271351
0.57755715,1.3008189,0.21741652
0.5132236,1.2539785,0.20386547
0.45766562,1.085665,0.32275814
0.60917896,1.0377011,0.58110476
0.5338841,1.1261048,0.63298476
0.461101,0.916976,0.4668081
1.307576,1.9966912,0.28976977
3.4897127,-0.0,-0.0
3.5836573,-0.0,-0.0
3.5094943,-0.0,-0.0
1.2753637,1.076664,0.25692248
1.1280732,1.7812495,0.35320958
1.1480284,1.8377991,0.34601787
1.1949291,1.9391296,0.32732382
1.160119,1.9517968,0.3500329
1.145865,1.949153,0.45373076
1.1348245,1.8780205,0.41962424
1.1657238,1.9089432,0.37233093
1.1798,1.9378359,0.38245764
1.202388,1.9193861,0.36140272
1.1267886,1.9132397,0.18574971
0.3862018,1.0921006,0.27355117
0.67078704,1.0369921,0.6330856
0.50298053,0.9081905,0.5707575
0.42915267,0.8784213,0.623809
0.4827631,0.9475908,0.59055364
0.31604666,0.7786497,0.5968355
1.1951048,1.9779902,0.23781478
1.1911712,2.0078855,0.23376453
3.4785218,-0.0,0.035182655
3.6410804,-0.0,-0.0
3.672626,-0.0,-0.0
3.4062014,-0.0,-0.0
3.3740735,-0.0,-0.0
3.3521385,-0.0,-0.0
3.7134457,-0.0,-0.0
3.0535865,-0.0,0.05441439
3.0048065,-0.0,0.04047668
3.0498388,-0.0,0.055013776
2.9880679,-0.0,0.086235285
2.2563622,0.20927262,0.26053816
1.6512518,0.6911813,0.22364062
1.1639411,1.8742559,0.35161105
1.1102204,1.8309743,0.35105252
1.1386607,1.9145384,0.37217286
1.1903098,1.994945,0.40873122
1.1749601,1.9708669,0.33089542
1.1691937,1.9376874,0.34859708
1.1620283,1.9666994,0.36037603
1.3205435,2.0149004,0.33233884
0.72020084,1.4454594,0.12038082
0.1351195,0.84700775,0.23696667
0.24651986,0.68141484,0.5193955
0.23482531,0.64639604,0.4988021
0.44973963,0.7728797,0.6298439
0.68124634,1.0874112,0.41224432
0.5987391,1.0804245,0.48378465
0.62532216,1.0113502,0.62811697
1.2822437,2.0794206,0.24378657
1.2013583,2.0200837,0.2531184
1.220515,1.9502218,0.34423947
1.194356,1.9928648,0.32292852
1.1650562,1.896805,0.34235254
0.9921494,1.5660684,0.37076053
1.3410056,1.1199787,0.30336478
2.7157006,0.13701785,0.16879344
3.7271657,-0.0,-0.0
3.713853,-0.0,-0.0
3.7422142,-0.0,-0.0
3.4476123,-0.0,-0.0
2.9678502,-0.0,-0.0
3.5650563,-0.0,-0.0
3.449041,-0.0,-0.0
3.3446488,-0.0,-0.0
3.2951846,-0.0,-0.0
3.0307174,-0.0,0.019238234
2.9395604,-0.0,0.030971825
1.1372311,1.8315151,0.43082896
1.2688735,2.032231,0.3707558
1.2972827,2.0028796,0.3368358
1.2241485,2.003227,0.34370732
-0.0,0.6505989,0.46316254
0.5237909,1.0424769,0.44130886
0.80774003,1.138758,0.6300002
0.6321352,1.0894759,0.4639827
0.47673637,1.0035477,0.514763
0.40346187,0.89160085,0.62086546
0.3866518,0.83679295,0.63020134
1.1895199,1.9808753,0.38613868
1.253293,2.011816,0.34831107
1.2815092,2.0446656,0.4160812
1.2049038,2.0227342,0.36272126
1.0395186,1.6749616,0.38580066
1.5151494,0.8897195,0.256126
2.8450763,0.05782664,0.045159698
3.825963,-0.0,-0.0
3.7137218,-0.0,-0.0
3.3611064,-0.0,-0.0
2.93592,-0.0,-0.0
2.8640773,-0.0,0.02118373
2.9462812,-0.0,0.043358803
2.5245295,0.10261309,0.23455429
2.067553,0.5174794,0.26441866
1.6330452,0.99164915,0.25091618
1.1099036,1.8226166,0.42648298
1.1936085,1.8932672,0.3939501
1.2180643,2.0151322,0.3188824
1.1399317,1.95048,0.41181368
1.1102281,1.8788004,0.3086415
-0.0,0.54771113,0.72284156
-0.0,0.46420097,0.80165493
0.03381294,0.42251968,0.76749355
0.0326519,0.4082551,0.71966845
0.2046184,0.48473907,0.6804645
0.30260414,0.43355775,0.6219094
0.35623378,0.6560887,0.51672816
0.40870863,0.73045766,0.5619558
0.42697042,0.838542,0.5471141
0.52696246,0.9184098,0.501811
0.76779133,1.1543164,0.48590147
0.63739413,1.006783,0.4595744
0.42006224,0.8620064,0.6111492
0.47437376,0.87501454,0.62967986
1.3787279,2.1052384,0.35851192
1.3745167,2.0583558,0.30667084
1.3251755,1.9974501,0.3532449
1.1570599,1.8863709,0.3065839
1.0830927,1.2320313,0.4008998
3.5995002,-0.0,-0.0
2.9738393,-0.0,0.16815501
2.7215624,-0.0,0.033513606
2.9695654,-0.0,-0.0
3.3594298,-0.0,0.005890429
2.9754395,-0.0,0.03492284
2.8267777,-0.0,0.1104061
2.6847339,-0.0,0.11008984
2.6515858,-0.0,0.13175255
2.7738707,-0.0,0.09873259
2.409539,0.08457649,0.21781975
1.8312953,0.51678264,0.22496974
1.3320274,1.0500722,0.21709585
1.1709585,1.8778403,0.43841213
1.1504741,1.9555144,0.39668256
1.2067924,2.0208077,0.34429193
1.2430959,2.0059905,0.30610073
1.3111298,2.0188768,0.35092813
0.7995128,1.2860434,0.30597934
0.113919795,0.3731985,0.66712654
0.3174098,0.6105794,0.5444663
0.56066185,1.0282829,0.37898806
0.47675425,0.86777735,0.4805686
0.3189289,0.7239201,0.55538917
0.35038072,0.75632334,0.5927465
0.42087132,0.8659444,0.5434849
0.40904516,0.8943629,0.5592881
1.2437732,2.0341475,0.41671598
1.334418,2.0820045,0.35721236
3.7106214,-0.0,-0.0
3.5625596,-0.0,-0.0
3.3945613,-0.0,-0.0
3.3755126,-0.0,0.014106035
2.8648846,-0.0,0.010304809
2.6476235,-0.0,0.13243526
2.681139,-0.0,0.09381658
2.6356487,-0.0,0.088997185
1.2135017,0.9937825,0.30185458
1.0748856,1.851057,0.37880534
1.187928,1.9166901,0.4062279
1.2298992,2.007286,0.40952277
1.2544417,2.0567484,0.39843422
1.2450542,2.078935,0.39760005
1.2269349,2.041445,0.31793627
0.5340914,0.97044635,0.34835023
0.085311234,0.5447544,0.560557
0.25619775,0.40496075,0.7021329
0.28174216,0.40649843,0.63877386
0.3185963,0.3981123,0.69407284
0.4927016,0.6702008,0.54007316
0.5244196,0.8096137,0.45829242
0.7267861,0.7494011,0.6105931
1.1062992,0.5040622,0.6512185
0.806197,0.45967495,0.56135124
0.5677001,0.8885412,0.63296634
1.131973,1.8712652,0.16747117
1.0892386,1.7931676,0.18294322
0.9994914,1.6730127,0.20645255
0.84972984,1.568892,0.28843653
0.85535926,1.518559,0.39746383
0.9468848,1.4473629,0.47340524
3.6092634,-0.0,-0.0
3.6202116,-0.0,-0.0
2.8323972,-0.0,0.1399982
2.74545,-0.0,0.036198497
3.1755157,-0.0,0.09659076
0.9296902,1.7479978,0.33584505
1.1815214,1.9788234,0.40311497
1.2609808,2.113238,0.41611564
0.8690197,1.6100569,0.2595178
0.80189747,1.4548383,0.31583384
0.39832753,0.8791101,0.45750958
0.25128108,0.74540544,0.43319777
0.16256136,0.6621865,0.44793352
0.2725318,0.46572518,0.7513138
0.6163716,0.36965728,0.62780195
0.457089,0.31576324,0.6167923
0.34539396,0.3345021,0.58954823
0.52010053,0.41741192,0.6810074
0.3447625,0.37668753,0.6755176
0.30141228,0.46544516,0.5614624
1.3662889,0.5535203,0.65917933
0.46587056,0.5672704,0.6226518
0.70712787,0.8297479,0.55944335
0.8480275,1.6378162,0.22725534
0.9196599,1.5033038,0.48013607
0.9404525,1.5079412,0.4980234
0.87675947,1.4213629,0.4350722
0.8342666,1.3679821,0.48209265
0.80145353,1.3180876,0.44405618
0.99430984,1.2266228,0.41561443
3.1483302,-0.0,0.034092963
3.5910687,-0.0,-0.0
3.5545197,-0.0,-0.0
3.172824,-0.0,-0.0
3.070856,-0.0,0.017992854
2.8940065,-0.0,0.061564088
3.3251944,-0.0,0.0919593
2.5700102,-0.0,0.052508175
1.5659072,0.30833626,0.17395025
1.2964911,2.0689278,0.3149575
1.3124177,2.0977097,0.3138804
1.1890762,1.956609,0.23259276
0.73924893,1.3667307,0.35743272
0.22972971,0.68466437,0.64441305
0.22311705,0.60887814,0.67218715
0.42606062,0.5427637,0.7596528
0.5673961,0.5143646,0.7529882
0.37496668,0.33953202,0.6285376
0.46745342,0.32748795,0.59947395
0.5171514,0.37156057,0.6272867
0.33191448,0.35546064,0.62355405
1.9412756,0.3007797,0.6917428
1.3174093,0.06216979,0.44202727
0.6779886,0.35123527,0.5519823
0.7646472,0.6316873,0.51914436
0.875158,1.5953829,0.34277257
0.9036184,1.4276159,0.49259296
3.1196008,-0.0,-0.0
2.8835673,-0.0,0.05345851
1.8542962,-0.0,0.123194516
1.2618625,0.38136768,0.23198986
0.7240837,0.7496309,0.30513924
0.40025395,0.92667437,0.45965326
0.37445313,0.983552,0.5567047
0.59890324,1.2034829,0.4136942
0.7680716,1.4409351,0.30961016
0.9663252,1.7651999,0.2141372
0.7869888,1.4615464,0.3609448
0.6832898,1.338594,0.37155807
0.6387388,1.0897233,0.50062907
0.6088899,1.122724,0.5884897
0.63639575,1.010061,0.7180835
0.7601772,0.4725567,0.5559422
0.65617007,0.2317301,0.6329883
0.55332917,0.24838316,0.64783645
0.45103437,0.27059317,0.6235277
0.87225586,0.30177116,0.53731626
1.5989861,0.1799922,0.48694426
2.4244802,0.026255608,0.37324616
3.1534405,-0.0,0.1888448
0.91754025,1.530189,0.4624885
0.9207546,1.6093566,0.43266708
0.91919357,1.5338509,0.47589526
3.332633,-0.0,-0.0
3.278741,-0.0,-0.0
3.0696297,-0.0,0.0337739
3.0908751,-0.0,0.045189857
0.79670733,0.64645755,0.29746574
0.8738496,1.6374154,0.17503613
0.92548543,1.5853121,0.43086416
0.8982094,1.5963807,0.41905499
0.78282946,1.4825041,0.37141478
0.67657787,1.1282957,0.53153324
0.65136105,1.0406575,0.553059
0.7863943,1.1086617,0.632261
0.8120243,0.67469287,0.6727413
0.81379,0.59388673,0.58681715
0.77463,0.49269748,0.5606526
0.4937033,0.24265933,0.53007203
0.5732483,0.31166673,0.5754601
0.85217375,0.2520672,0.5024429
3.3990722,-0.0,0.010145605
3.5546365,-0.0,0.03365028
3.1325445,-0.0,0.16119307
0.88474447,1.56987,0.4459064
0.9302514,1.6283176,0.43688163
0.92072386,1.5180035,0.4634253
0.92064816,1.4868116,0.4623186
0.8625887,1.4730895,0.46225035
1.7219555,0.84152937,0.14630413
2.915947,-0.0,0.044310033
3.0479567,-0.0,0.10804212
3.167078,-0.0,0.09036243
3.1517067,-0.0,0.053801417
3.2362676,-0.0,0.044263005
0.3313914,0.82791233,0.5215047
0.23119682,0.8220122,0.61016005
0.2667603,0.83507466,0.6098891
0.49174863,1.1217985,0.49833718
0.4847787,1.1777055,0.4788324
0.51390487,1.256649,0.39059004
0.72145456,1.3805242,0.38386634
0.872583,1.5387433,0.46591133
0.85761946,1.5209203,0.40404263
0.81289846,1.2666094,0.5175543
0.979791,0.78851974,0.5408919
0.83473366,0.51017225,0.55399275
0.81826776,0.52020526,0.567047
0.8352421,0.27795303,0.60554993
0.5637166,0.23726761,0.6580401
0.46699792,0.23054552,0.6266513
0.47220618,0.24302661,0.6210933
0.6490106,0.2997514,0.5753557
3.0806627,-0.0,-0.0
3.6794767,-0.0,0.011923015
0.9015351,1.5857522,0.47458255
0.9374544,1.6352084,0.4667384
0.9418443,1.4945786,0.38747177
0.9066213,1.5152586,0.47661066
1.042584,1.7421632,0.41943535
1.0680871,1.7680197,0.43902606
1.1314769,1.7832017,0.47605392
2.3889685,-0.0,-0.0
1.8879335,0.0018379688,-0.0
0.42378932,0.9164071,0.57627845
0.51350933,1.0794926,0.534992
0.5294488,1.1234729,0.5221696
0.7798508,1.4054875,0.40321088
0.7179659,1.2253873,0.50794995
0.81123656,1.2057779,0.54053783
0.81549984,1.1280563,0.4664474
0.8035298,0.50251186,0.5079648
0.88217014,0.4620471,0.530761
0.8820285,0.2764486,0.57744044
0.632654,0.20560515,0.63285863
0.74188524,0.33493543,0.53051496
0.81858355,0.28403533,0.58212787
3.4631348,-0.0,-0.0
3.6346183,-0.0,-0.0
0.89564246,1.5813718,0.43460104
1.1509213,1.90734,0.48937416
1.9342463,0.18829644,0.14755923
2.5601444,-0.0,0.026465237
2.6891606,-0.0,-0.0
1.6091869,0.19671845,0.026150107
0.49911886,0.6754104,0.34377554
0.27757138,0.76152575,0.5537808
0.24901813,0.8094013,0.59316397
0.27662474,0.8297529,0.65758026
0.29620534,0.8269558,0.63933134
0.46475428,1.0416508,0.49457976
0.46890253,1.0832775,0.5374793
0.4423234,1.0447314,0.52293307
0.672887,1.3382576,0.46882144
0.7020306,1.3132341,0.5000999
0.8249337,1.1683226,0.43180323
0.7815133,1.2087777,0.45605975
0.7487634,1.1722028,0.4396427
0.8665331,1.0238438,0.45172578
0.9009703,0.20869315,0.58585733
0.6035786,0.30285597,0.6273779
3.2362747,-0.0,-0.0
3.3251271,-0.0,-0.0
2.775346,-0.0,-0.0
2.4246743,-0.0,0.2283864
1.2627137,2.0909371,0.41797322
1.0603721,1.82812,0.45864692
1.0703619,1.8736453,0.44860497
1.1935496,1.892137,0.39195457
1.3867962,0.84999824,0.4496956
1.5889146,0.65010774,0.2582718
1.7550185,0.3140105,-0.0
0.47356874,0.76148355,0.42365453
0.31570965,0.8186493,0.65583694
0.29951698,0.82711077,0.649943
0.26606578,0.7797828,0.6421731
0.3844648,0.9606416,0.55493665
0.3763302,0.96603584,0.52867305
0.71382815,1.3870881,0.4573969
0.90693134,0.857574,0.5019089
0.74228996,1.1384065,0.5120641
0.8083331,1.1047542,0.4976916
0.7904795,1.0325041,0.4702503
0.9343249,0.86952305,0.48982757
0.990436,0.43151164,0.5299821
0.99223787,0.3773061,0.5296215
1.0097992,0.28007674,0.5530565
0.978023,0.23302603,0.5636128
2.0000405,-0.0,0.541644
2.8284373,-0.0,-0.0
2.6665292,-0.0,0.0727219
2.648584,-0.0,0.15215307
2.5419238,-0.0,0.27122283
1.3746009,2.1103768,0.40973705
1.2339852,1.9182103,0.532861
1.092953,1.8751049,0.48617488
1.1843929,1.9345446,0.47023216
1.1717517,1.9327347,0.4165164
1.1567812,1.9478056,0.37959412
1.1283121,1.9603608,0.45117658
0.3605638,0.8889353,0.6078528
0.2843005,0.8674972,0.6140076
0.27630168,0.8436885,0.6397076
0.25761038,0.84824705,0.64714426
0.29350942,0.85825086,0.66340667
0.32224065,0.8886106,0.5939519
0.27711052,0.9490793,0.5868417
0.8814884,1.2964296,0.54110867
1.0397534,0.8042004,0.49367324
0.73051876,1.0154743,0.47152394
0.8524217,0.9605162,0.4682289
1.0919998,0.5007119,0.53797376
0.87643784,0.45813262,0.57834905
1.6673663,0.1957339,0.5599021
2.3454108,-0.0,0.106143
2.3917894,-0.0,0.044564664
2.4453866,-0.0,0.03311336
2.5712,-0.0,0.09257722
2.514632,-0.0,0.21496683
1.3017538,2.1735377,0.31775588
1.2639096,2.1199896,0.35507798
1.2683277,1.9084063,0.40472066
1.2037783,1.9946795,0.42085373
1.1527791,2.0341089,0.43661702
1.1958406,2.0044506,0.41683948
1.1636837,1.9895482,0.3550396
1.1457422,1.9046767,0.39976788
1.0466139,1.6021764,0.40131766
0.91124076,1.2503839,0.39838672
0.7269543,1.003479,0.3791511
0.6205284,0.89075446,0.34928167
0.36823767,0.86413836,0.44803292
0.37082082,0.9058864,0.5907654
0.35202163,0.9310434,0.65293765
0.28840846,0.8941114,0.6244051
0.28601998,0.90983987,0.62096936
0.40017468,0.9982128,0.65416586
0.795935,1.2584596,0.44632134
1.1126859,0.8560374,0.4896504
1.0906751,0.80093193,0.48918927
0.90197533,0.8661132,0.47610027
0.76044947,0.8567288,0.49530587
0.9919767,0.558669,0.59795535
0.7836736,0.6852181,0.5413594
1.1861792,0.57714164,0.5466359
1.5028429,0.4370433,0.5225049
2.2837842,-0.0,0.37836462
2.6874077,-0.0,0.17065191
2.5641098,-0.0,0.27333796
2.3451707,-0.0,0.18758965
2.4881604,-0.0,0.13163525
2.5116646,-0.0,0.15683818
1.2374377,2.1525676,0.31128138
1.2736285,2.119173,0.3112002
1.2782075,2.0690618,0.37444687
1.221638,2.0851603,0.3962925
1.2506294,2.0472503,0.4253916
0.8396296,1.3940659,0.21455401
0.3664251,0.84012866,0.47217035
0.29963273,0.8127432,0.6003845
0.3043738,0.8470247,0.6102537
0.35131985,0.90854263,0.5892909
0.40309125,0.94697547,0.6572357
0.29878062,0.9876754,0.64054984
0.42110318,0.99597645,0.6214508
0.39546937,1.0132918,0.6226631
0.357392,0.9096346,0.68426996
0.31232136,0.9305167,0.64228296
0.5745793,1.0830114,0.5467698
0.94265753,1.3309093,0.5447754
0.87516516,0.89623713,0.5306549
0.80673176,0.8858576,0.54563075
0.8318196,1.003566,0.45085642
0.9793189,0.9633341,0.5208546
0.8879946,0.74673915,0.59799993
0.60612744,0.7324457,0.57825136
0.6638114,0.82170534,0.41856325
2.2652676,0.04414594,0.35933024
2.837382,-0.0,0.14181894
2.6583543,-0.0,0.38159782
2.365138,-0.0,0.2555135
2.5013468,-0.0,0.18795162
2.4985542,-0.0,0.1621483
1.2483718,2.0788407,0.360799
1.2041888,1.973057,0.39536288
1.1819589,2.0471253,0.39295223
0.7742031,1.5095453,0.2079711
0.2685297,1.0168855,0.36264688
0.2747789,0.9097533,0.4930388
0.35674185,0.84340763,0.61996114
0.42318624,0.9487405,0.5665073
0.47271532,0.9906683,0.56464857
0.37341553,0.99443483,0.6370251
0.42181307,1.0118332,0.5317502
0.51871794,1.0412571,0.6711482
0.54906124,1.1839681,0.50399554
0.87349075,1.4578743,0.4854764
1.1016083,1.0281396,0.48721978
1.0481999,0.9361813,0.48990864
0.98687416,0.9360752,0.47688437
0.81316596,0.9008126,0.6050568
0.9531148,1.1953933,0.47551048
0.90712863,1.0754466,0.46222392
1.4649487,0.7765107,0.32830656
2.488276,-0.0,0.31394053
2.6857991,-0.0,0.22937888
3.0540802,-0.0,0.15609407
2.7300808,-0.0,0.21659368
1.2311888,2.1423922,0.38338655
1.2932916,2.2261431,0.36164492
1.3255086,2.065804,0.35130247
1.2125545,2.0115578,0.34494177
1.236592,1.9631734,0.34360406
1.1828682,1.9093604,0.32079682
1.1095757,1.8796778,0.31796655
0.9104958,1.6828868,0.32626846
0.20594674,0.8451927,0.62517977
0.3577357,0.79626167,0.6298434
0.34908563,0.83513165,0.59533894
0.4507752,0.93720484,0.5625802
0.46856385,0.9518926,0.5436427
0.4523186,0.97083545,0.538273
0.3971874,0.9741113,0.549922
0.3658883,1.0360124,0.5203227
0.47254354,0.98593473,0.49266762
0.54115444,1.1340623,0.56699353
0.76825553,1.2983935,0.5777997
0.94456464,1.2442629,0.47034392
1.0618787,1.1451461,0.5597744
1.0394633,1.1828587,0.6108624
0.5505764,0.99279094,0.60793066
0.6550291,1.0373564,0.4382208
2.7072845,-0.0,0.16269845
2.927662,-0.0,0.17554742
2.7645962,-0.0,0.23145604
2.6891103,-0.0,0.17640567
2.0721753,-0.0,0.15167159
1.2417421,2.0562932,0.39322752
1.298904,2.1541662,0.41680247
1.3396354,2.1330652,0.35434592
1.1326251,1.8671806,0.27253586
0.9968299,1.804858,0.31903338
0.9864729,1.92609,0.28301036
0.8976553,1.6211958,0.4019643
0.41655844,0.9147322,0.6044694
0.4068367,0.9289367,0.59619933
0.45156807,0.9879832,0.5508778
0.3971519,1.0170848,0.58762985
0.3399008,1.0071838,0.54943883
0.38066322,0.99443746,0.53222895
0.32364076,0.9276092,0.5236626
0.34870905,0.9434798,0.49161136
0.37226874,0.9504044,0.55553603
0.43988067,1.0391843,0.5471177
0.6683548,1.1964319,0.53261507
0.7349461,1.2469432,0.5232614
0.8182233,1.4107387,0.4560581
0.84229034,1.4501386,0.46589267
1.120544,1.3587444,0.5762562
0.7960822,1.2005763,0.6102515
2.6179035,-0.0,0.17032957
3.1008916,-0.0,0.09466767
3.0080805,-0.0,0.10624933
2.5685482,-0.0,0.10920602
1.3339374,2.1803873,0.3626256
1.3386288,2.2072346,0.3587978
1.2865267,2.0144193,0.37014273
1.1628168,1.9045885,0.31592682
1.0063438,1.7402921,0.31128678
0.71862835,1.3941092,0.46574685
0.33653158,0.8975694,0.6323166
0.36517912,0.9477761,0.58081406
0.44404227,0.9992132,0.5744766
0.44059712,0.98333263,0.5560609
0.36582953,0.8847225,0.59352964
0.4153052,0.9116347,0.54550326
0.4891408,1.011018,0.58187485
0.50808316,1.058609,0.5522288
0.5071921,1.1179018,0.54271317
0.56843334,1.1999464,0.5020784
0.7704242,1.396251,0.36943957
1.0041571,1.4906416,0.5376024
0.68618447,1.065834,0.5497287
2.5238407,-0.0,0.20017934
3.0184875,-0.0,0.07265723
2.8315876,-0.0,0.1703763
1.6586246,0.27362764,0.19268334
1.1812677,1.9035313,0.3248697
0.97630745,1.7401841,0.40794885
1.1248944,1.8726254,0.41697997
1.1838093,1.9293139,0.34897763
0.41975802,1.03226,0.58787984
0.38829237,1.053153,0.530241
0.41430074,1.0064325,0.54759705
0.37430602,0.94283414,0.5654243
0.31947404,0.965698,0.6414182
0.3976906,0.9850209,0.6266631
0.35683614,0.88834834,0.5886109
0.679472,1.1849008,0.46418622
0.6929032,1.1048894,0.50754213
0.7292474,1.1095879,0.41657317
1.41763,0.778057,0.30845416
2.8165314,-0.0,0.07412803
2.9564018,-0.0,0.04607159
0.5227509,1.1085212,0.4182473
1.3716817,2.164091,0.31389457
1.334065,2.1156392,0.28904402
1.1899292,2.0165246,0.30582356
1.099211,1.97404,0.34697783
1.0871775,1.8909373,0.36712694
1.0971274,1.8546226,0.39970386
1.2340412,1.95311,0.3114873
0.6047788,1.2508512,0.45094386
0.3906017,0.9757874,0.57508016
0.37637395,1.0477684,0.6071719
0.37544328,0.85679245,0.59349096
0.34140235,0.89162326,0.61380446
0.37552327,0.9298866,0.5785428
0.5194281,1.0725098,0.48220462
2.0474489,0.33424842,0.31281585
2.5027323,-0.0,0.165236
2.4982095,-0.0,0.12195164
2.7360187,-0.0,0.10973525
1.2974737,2.0615246,0.43604773
1.0974572,1.8186955,0.4188019
0.37601787,0.9853451,0.5839134
0.4581266,1.0362976,0.5744877
0.450921,0.974422,0.55187714
0.44120127,0.97877526,0.5465233
0.43848115,1.0209086,0.53920597
0.38552552,0.8873224,0.5605408
0.42046088,0.8988662,0.5939373
0.5258872,1.135107,0.4834072
0.82071155,1.1935112,0.5135045
0.8282092,1.1994324,0.44740307
1.1359942,1.0088034,0.309796
1.6101689,0.692592,0.38390028
2.04286,-0.0,0.1794827
0.70824176,1.5627856,0.072173
1.3325028,2.1138608,0.3749185
1.0698552,1.8397458,0.23593849
0.5080196,1.1205673,0.5899995
0.38596064,0.9793141,0.52521074
0.44517082,1.025253,0.5736383
0.39597923,0.842551,0.5432328
0.3886953,0.85374665,0.5910869
0.39090258,0.9246495,0.5298035
0.5530389,1.0379515,0.51215243
0.5725979,1.0427403,0.5145842
0.6300723,1.1141565,0.40768978
1.4503095,1.8051822,0.17831415
0.83051044,1.142462,0.43589225
0.8238781,1.2691011,0.4784396
0.91685647,1.1878598,0.42638892
1.264617,0.81615853,0.39960906
0.78302604,1.4148414,0.29185438
1.309603,2.0804057,0.26182342
1.1260409,1.8133912,0.31118375
1.0528643,1.7713146,0.2936145
0.9614362,1.709059,0.3055247
0.85011476,1.6588161,0.3435647
0.79533523,1.4672866,0.38416505
0.57828647,1.1940212,0.5468582
0.37536234,1.0203333,0.56827396
0.34779042,0.9822018,0.5444188
0.42419833,1.0171313,0.52604437
0.49751574,1.0172536,0.5840518
0.5952491,1.0538828,0.54461795
0.52930814,1.1024354,0.5107036
0.40620214,1.0402005,0.5320513
0.31732398,1.0172384,0.5582525
0.3583495,0.9312713,0.64272314
0.43798965,0.94368935,0.5719204
0.49610537,1.002626,0.55764514
0.6049525,1.0546815,0.5006497
0.60372883,1.0610037,0.45359498
1.6475055,2.0267053,0.038294256
0.7929844,1.2283051,0.4321126
0.8544597,1.1098573,0.35812682
1.1133878,0.99960065,0.42711103
1.317373,2.0192246,0.16939503
1.1757202,1.8824534,0.29384825
0.8625117,1.5728309,0.37157056
0.70730954,1.3833735,0.52157915
0.6561138,1.3045845,0.5540803
0.42181033,1.0388603,0.5305767
0.37163502,1.0423837,0.55826855
0.37427002,0.9785335,0.5968611
0.390562,0.97605014,0.61283034
0.37726122,1.0423839,0.57291603
0.53084975,1.1063845,0.55066144
0.58343,1.137008,0.537104
0.5516414,1.0912964,0.528002
0.45872027,1.080015,0.5445944
0.38058037,0.92111135,0.62435734
0.54072946,1.0674322,0.5600751
0.783312,1.1701846,0.5477699
1.6878829,2.0831594,0.012224197
0.9884266,1.2928865,0.33890352
0.8746943,1.2101591,0.49181983
0.8166426,1.2241273,0.41343996
0.5019285,1.0860753,0.36113614
0.906627,1.5696969,0.3952277
0.8602291,1.4789646,0.37353322
0.4770754,1.0079422,0.62146604
1.0053494,1.678153,0.39017206
0.7801495,1.4040847,0.4884837
0.6437686,1.2579844,0.57761335
0.44795746,1.0578575,0.5855071
0.34790868,1.0030377,0.61157185
0.5826501,1.1414437,0.4826276
0.58987504,1.141372,0.47347584
0.5087072,1.1254017,0.46960676
0.5361226,1.100493,0.4925083
0.59570974,0.88620996,0.5852829
0.5660489,1.0620036,0.57040024
1.3404655,1.5050333,0.23365921
1.4231522,1.770807,0.11720455
1.6348071,2.0192451,0.011458039
1.6716611,2.0105164,-0.0
0.8990595,1.1702375,0.43819064
0.38227552,0.92485166,0.3841551
0.41150683,0.8536401,0.49699172
0.5501675,0.9518044,0.4225882
0.721214,1.2977424,0.454206
0.50271946,1.0690188,0.597081
0.5066069,1.0476761,0.5455786
0.6670963,1.3676627,0.15296847
0.9567701,1.6691298,0.41677508
0.8757952,1.5231256,0.4611626
0.9636654,1.5963421,0.49165025
0.4205075,1.0606141,0.6228107
0.39809042,1.0401711,0.62954766
0.48600382,1.0187566,0.5880668
0.51574475,1.1087716,0.48620525
1.159632,0.6449609,0.5854924
1.1912696,0.63200784,0.5388792
1.117063,0.6869097,0.54102945
0.48702282,1.0181754,0.5348227
1.3984001,1.8542805,0.109843135
1.6339285,1.9943354,-0.0
1.7915475,1.8909149,-0.0
1.6754749,1.7996516,0.06825054
1.4007208,1.6244397,0.16519082
0.33944815,0.87220216,0.5351442
0.3078516,0.9321914,0.3593022
0.833489,1.334291,0.43839335
0.4710372,0.9652245,0.5598517
0.7939809,1.4175065,0.50581527
0.9411283,1.580962,0.45241752
0.98575026,1.6838481,0.41366717
0.9438999,1.6530759,0.41005096
0.7426308,1.2406061,0.5618949
0.78950197,1.2787089,0.597462
0.5829095,1.0220735,0.50388265
1.0478194,0.7805909,0.5288267
1.191402,0.6887301,0.50481725
1.0204322,0.6756257,0.42388284
1.371455,1.6059215,0.24937165
1.6387217,1.9519839,0.07310104
1.5858188,1.6710443,0.07529682
0.65151805,0.9714296,0.59672886
0.40007645,0.80016017,0.59307206
0.6886639,1.1842682,0.3624904
0.8068605,1.3048959,0.43476933
0.6924736,1.3780816,0.47495326
0.4661811,0.9764197,0.58244693
0.44857198,1.0164812,0.4923022
0.5357161,1.1199958,0.398459
0.96482235,1.5951521,0.3166168
1.00811,1.6344428,0.3691825
0.9880802,1.6687901,0.39044556
0.889774,1.5041199,0.4345438
0.91444606,1.4271927,0.49047777
0.9876445,1.597131,0.35262576
0.9107185,1.3606756,0.49950293
1.2456522,0.44346952,0.31181243
1.4175196,1.7324142,0.19066769
1.6570795,1.9594245,-0.0
1.6998432,1.9273775,-0.0
1.7100022,2.001538,-0.0
1.7717271,1.9118707,-0.0
1.451052,1.5570996,0.2029419
0.4776078,0.78907645,0.60136884
0.40053684,0.7925687,0.6238872
0.45107824,1.0575621,0.39809462
0.4859367,1.1040499,0.55660725
0.5074112,1.0491269,0.46419632
0.5808955,1.1983895,0.35975033
0.8036391,1.4283891,0.2973712
0.9744608,1.5255675,0.3526457
0.925028,1.5134571,0.45811346
0.8869013,1.5713644,0.31371439
0.87850815,1.4280162,0.49176988
0.8513425,1.3978438,0.47621745
0.73855954,1.2326729,0.5701717
0.6212122,1.0286751,0.5692057
0.885199,0.657259,0.48832121
1.254456,0.42386508,0.3611498
1.3857272,0.38517916,0.3114519
0.9245817,0.51649237,0.4160916
1.8037012,1.9994426,-0.0
1.7630739,1.9538975,-0.0
1.7686841,1.9761281,-0.0
1.6122775,1.7031214,0.10522592
0.37064427,0.8422909,0.6217021
0.38998002,0.8306403,0.64172095
0.6403691,1.3705523,0.44936916
0.6428866,1.2469888,0.5592244
0.55712515,1.1329193,0.5937849
0.8935842,1.5288818,0.36337623
0.90323347,1.524919,0.43738285
0.6604596,1.1131463,0.29965484
0.889209,1.1883409,0.53078353
0.81856304,1.442539,0.35522857
0.92140275,1.5447109,0.3335221
1.0016179,1.6127126,0.38047776
1.02951,0.38696718,0.42131963
0.9692349,0.43573236,0.44962636
0.9331779,0.49822032,0.49677885
1.6099172,1.960624,-0.0
1.6737382,1.9592302,-0.0
1.762445,1.9603281,-0.0
1.7801344,1.9994586,-0.0
1.7152941,1.9588468,-0.0
1.4598908,1.6487381,0.16922271
0.5272245,0.9996953,0.5646663
0.3901958,0.85248137,0.64485085
0.54042524,1.0104766,0.48517528
0.6374927,1.3409555,0.48362488
0.6201946,1.321753,0.44837207
0.6089738,1.1400499,0.5747884
0.53970736,1.1033127,0.5577912
0.8308936,1.4829242,0.40721762
0.8405462,1.1697061,0.40170062
0.76760036,0.9674554,0.34697688
0.6959185,0.772933,0.34095997
0.7067948,1.1257744,0.39668894
0.6137591,1.2838354,0.47170925
0.5947266,1.2425334,0.43626016
0.69562846,1.3280082,0.36119384
0.8449107,1.438396,0.32329297
1.0363252,1.6217656,0.37203526
0.66947454,0.9546926,0.5513495
0.31678516,0.33560944,0.4123319
0.98223144,0.43576777,0.4461689
1.0475183,0.40507257,0.47221565
1.3229,1.6714468,0.12352431
1.654604,1.9291985,-0.0
1.7818623,1.9600563,-0.0
1.71998,1.9918067,-0.0
0.36017603,0.89256,0.6033596
0.43853873,1.0024774,0.5981525
0.6744301,1.3549497,0.49767986
0.68576425,1.305654,0.5068563
0.544329,1.0923498,0.5519383
0.51127344,1.1455705,0.5143932
0.5046336,1.1679423,0.4313812
0.9421684,1.5941844,0.45623428
0.6765898,1.2895019,0.5865542
0.63950044,1.3579879,0.4793981
0.8968968,1.4705124,0.3379694
0.17067665,0.67881405,0.6271263
-0.0,0.4376831,0.6047245
1.066884,0.3776796,0.44105667
1.1183434,0.37278295,0.44607082
1.6278121,1.8917749,-0.0
1.819762,1.968534,-0.0
1.7401209,1.9608378,-0.0
1.7437668,1.9606857,0.019468188
0.51110536,0.83534217,0.5722946
0.3492877,0.78246975,0.6274661
0.4320771,0.86075807,0.58602273
0.45231074,0.90672755,0.54793334
0.71764797,1.3112135,0.4952564
0.6894495,1.3000915,0.47059616
0.6318471,1.3124166,0.4310031
0.67248684,1.3404937,0.49990124
0.6236977,1.1892385,0.54912156
0.5928542,1.1418309,0.4869442
0.91012126,1.5795305,0.4022121
1.0612099,1.6194813,0.42114595
1.0576196,0.845752,0.5712314
0.80895036,0.49857128,0.59538937
0.63271385,0.7992711,0.4654806
0.75867635,1.3375239,0.54633194
0.8592468,1.4085126,0.6213108
0.9060531,0.43302453,0.48327765
1.0675001,0.2646625,0.3858706
1.0179119,0.32797194,0.37918514
0.81591016,0.562171,0.45220095
1.0247681,1.34112,0.33486694
1.4756331,1.8103061,0.10844523
1.6829526,1.8939984,-0.0
1.7417645,1.9193687,-0.0
1.7848539,1.9244001,-0.0
1.7424798,2.0016174,-0.0
1.757261,2.0160763,-0.0
1.7043281,1.9133167,-0.0
0.60960764,0.89007473,0.591864
0.37362295,0.8134506,0.5801698
0.67609996,1.3124828,0.47631362
0.63004,1.2745662,0.44840938
0.68433815,1.3329811,0.5062747
0.58338434,1.1276984,0.44101676
0.61747056,1.1554186,0.4583874
0.8917455,1.5147862,0.35509065
1.1199262,1.2543216,0.40393338
0.98726827,0.32076955,0.5234196
0.78353137,0.46740997,0.5947758
0.8914704,1.4346879,0.48910895
0.97338265,1.4815423,0.51016504
0.9943872,1.5096612,0.50092006
1.0592251,1.5826294,0.44149622
1.0946977,1.6176147,0.40787897
1.1285796,1.6433132,0.3546851
0.95001787,1.560842,0.37010172
0.91268307,0.30924106,0.4015731
0.95062035,0.30836403,0.4480463
0.88724023,0.40193808,0.4736374
1.4689944,1.7755268,0.12753093
1.5543048,1.8768466,-0.0
1.6833415,1.9075816,-0.0
1.7377615,1.982513,-0.0
1.6064327,1.7763,0.08180344
0.5522949,0.86675906,0.6804102
0.36304146,0.78539145,0.54834074
0.67216533,1.3094604,0.49924573
0.65142554,1.3531799,0.4988629
0.657391,1.4191124,0.47581246
0.6076854,1.1368542,0.47696957
0.57061774,1.1621473,0.46914876
1.1490011,1.0153713,0.5060091
0.67267805,0.7452173,0.5572922
0.7253364,1.0945513,0.5040424
1.1642342,1.644844,0.3794592
0.93085045,1.5360546,0.37255275
0.8231886,0.3569286,0.46139982
0.81370634,0.3144151,0.47279394
0.63780993,0.65006113,0.36879563
1.6886604,1.937628,-0.0
1.71946,1.9756494,-0.0
1.7392786,1.9771194,-0.0
1.7185214,1.9333262,-0.0
1.7518742,1.8713822,-0.0
1.7680497,1.8549643,-0.0
1.722353,2.037234,-0.0
0.3369872,0.7386044,0.60762334
0.6903185,1.2781148,0.51790875
0.6565111,1.2971404,0.4948178
0.6182416,1.150291,0.4473386
1.0250907,0.98889494,0.5409399
1.0156782,0.77534306,0.5405891
0.7390749,0.76071405,0.5654749
0.7535699,1.0486784,0.47747317
0.9010245,1.4980664,0.39983043
0.960568,1.5763974,0.43524942
1.0503681,1.6635153,0.37874115
1.2034574,1.7253184,0.35172698
0.27374417,0.6258093,0.67930496
0.6727218,0.36220777,0.4557182
0.69686157,0.38218987,0.5030904
0.7297804,0.34196043,0.5233872
0.793652,0.5738932,0.4916292
1.0000815,1.3241496,0.4289733
1.228116,1.6065066,0.26417226
1.469147,1.8049898,0.07166731
1.7237828,1.8550417,-0.0
1.7391312,1.9961886,-0.0
1.6443107,1.7941885,0.077508986
0.33533114,0.71465695,0.6237414
0.7367589,1.3241568,0.5097427
0.6753078,1.397444,0.43676937
0.6738855,1.3524632,0.52242297
0.6526862,1.3056569,0.5028624
0.59366304,1.0999541,0.4889101
0.8913482,0.8445325,0.59543866
0.7455711,1.1379735,0.40708417
1.206074,1.7882619,0.2981947
0.94038635,1.6145165,0.40415287
0.6718771,1.2265196,0.5637981
0.47891074,0.76315117,0.68130976
0.2956105,0.49902236,0.6633755
0.4146914,0.42245305,0.5543023
0.6055837,0.41496968,0.5457353
0.54352146,0.4285735,0.49959213
0.6069625,0.35716474,0.57282543
0.8038201,0.35593975,0.5837817
0.9853535,0.5415956,0.5484065
1.4229033,1.7745309,-0.0
1.7580402,1.8845878,-0.0
1.7620087,1.9564669,-0.0
0.48762196,0.828243,0.66001785
0.32422012,0.74998605,0.6412138
0.29123956,0.74267006,0.64064467
0.73506504,1.3369396,0.49984854
0.6948944,1.4189818,0.50367415
0.613228,1.1683869,0.5354787
0.7699819,0.7310599,0.53428006
0.6956673,0.78757775,0.47657648
0.7800155,1.1768289,0.4615669
0.8062324,1.2943335,0.39927635
1.195914,1.7771709,0.2463817
1.2195461,1.7350602,0.33592975
0.9591374,1.3734181,0.5629864
0.29685456,0.4604081,0.5995114
0.76943964,0.46643972,0.6016004
1.1035681,1.1635761,0.5025568
1.5597918,1.8997626,-0.0
1.701504,1.8931952,-0.0
1.7082007,1.8424027,-0.0
1.743778,1.8912699,-0.0
1.6825051,1.8019013,-0.0
1.665982,1.6564145,0.17974836
1.3834989,1.4194655,0.33354464
0.41400582,0.768132,0.6497427
0.35617226,0.69716275,0.6212507
0.7645857,1.3682139,0.49815816
0.65861803,1.3759227,0.5173694
0.64854044,1.3817604,0.48389965
0.69932944,1.266716,0.54996276
0.53157383,1.1541498,0.4796218
0.925538,1.2049124,0.48198852
0.9208793,0.933594,0.5438632
0.8088662,0.6728153,0.5277267
0.6971659,1.2105095,0.40726334
0.69520277,1.2635794,0.37692338
1.1530502,1.7431035,0.29654503
1.2058814,1.7897506,0.31079334
1.0842955,1.5623186,0.43959004
0.34862798,0.5770216,0.7102583
0.61814874,0.5921047,0.57256
0.65191203,0.5690911,0.6099906
1.3274963,1.2517142,0.6983507
1.3395495,1.6526365,0.36982274
1.2988558,1.6378453,0.08589971
1.61022,1.6910226,-0.0
1.5827878,1.7298172,0.008135676
1.6516659,1.7907944,-0.0
1.703686,1.8550646,-0.0
0.43879813,0.80517364,0.6753706
0.3876422,0.79620934,0.6440338
0.60929686,1.3195744,0.5249432
0.6470019,1.3546588,0.50964713
0.627798,1.3411217,0.52758396
0.5661935,1.1490538,0.50443476
0.5898363,1.1390164,0.4949177
0.60546833,1.1338906,0.48044515
0.7959749,0.9627373,0.41579747
0.76538235,1.0418465,0.48958385
1.323735,1.807729,0.337538
0.79735464,1.1070716,0.7375252
0.45959765,0.6769843,0.70433486
0.57058316,0.6908114,0.6514195
0.79519516,0.71421087,0.62918514
1.0761068,0.58163977,0.69142807
1.555789,1.4280841,0.6490661
1.5368583,1.6937318,0.4682525
1.444227,1.8462267,0.15413404
1.5757325,1.8033357,-0.0
1.5930157,1.6968913,-0.0
1.5950081,1.7013545,0.006952107
1.5884249,1.7715237,-0.0
1.7000091,1.8592505,-0.0
1.7872539,1.876179,-0.0
0.71461743,1.4177845,0.4622309
0.7563824,1.478102,0.4860504
0.68060297,1.3824255,0.49093908
0.69608384,1.3112464,0.503937
0.66358584,1.3015084,0.48692298
0.62898976,1.3085423,0.5013311
0.6383355,1.3351169,0.47549236
0.5953551,1.1473293,0.53635764
0.5969474,1.1383433,0.50521266
0.5599753,1.0821321,0.5030501
0.51157814,1.0651162,0.45324725
0.7808005,1.0914323,0.43215054
0.7011917,0.9273586,0.44535923
0.5871653,0.59149957,0.5091783
0.597936,0.57318616,0.6564721
1.298543,1.8435423,0.24370027
0.8905471,1.2419765,0.6915787
0.6009304,0.88611746,0.6773936
0.5682183,0.81463194,0.56059706
0.89563376,0.8307195,0.5131532
1.1954834,1.4022067,0.21557915
1.6032372,1.7073629,0.00948894
1.5968022,1.7117717,0.013472259
1.7305453,1.8570695,-0.0
1.5648165,1.8652451,0.11033428
1.4476674,1.6484041,0.21300721
0.4673912,0.94144726,0.5793436
0.7234618,1.4619763,0.4713161
0.6767686,1.3821092,0.4699045
0.65916795,1.3185756,0.48872745
0.57643884,1.3404696,0.47315028
0.6500793,1.2236893,0.5368284
0.6102199,1.1331322,0.49332422
0.54219085,1.1029172,0.46089667
0.5828362,0.59005547,0.58920026
0.79940313,1.0252786,0.5493663
0.8977905,1.4478755,0.5126482
0.82293755,1.3576992,0.4965412
1.1841888,1.7413397,0.3471921
1.2495294,1.7935977,0.32509816
1.2825563,1.8387306,0.29525423
1.3544455,1.8384991,0.2895859
1.3576231,1.8329129,0.33705997
1.3529761,1.3292801,0.46188533
1.5636835,1.9145656,0.23307562
1.5060735,1.791131,0.11685461
1.4230442,1.5663502,0.18468595
1.4336922,1.5929682,0.09750241
1.5917373,1.6776333,0.049434185
1.6596813,1.8172593,-0.0
1.7215667,1.8123679,-0.0
1.7355454,1.8058467,-0.0
1.6808228,1.888108,-0.0
1.3637471,1.6164465,0.27965266
0.4763536,0.93815327,0.6166749
0.7332676,1.3951335,0.459011
0.7130768,1.382329,0.4175774
0.65864366,1.3757396,0.4733659
0.55025727,1.2468305,0.44635132
0.6903021,0.99803996,0.4714621
1.371068,1.9149246,0.32332712
1.1764295,1.5048826,0.705832
1.4192753,1.6313362,0.10220921
1.3805034,1.6322458,0.04248607
1.3368933,1.7170875,-0.0
1.4565012,1.7229953,0.23341769
1.5137436,1.5916214,0.121056736
1.5792124,1.6351936,0.054922223
1.672132,1.8157558,-0.0
1.8082254,1.8200517,-0.0
1.693068,1.8364248,-0.0
1.6403673,1.8819318,-0.0
1.6619537,1.8954992,-0.0
1.6434426,1.9190147,-0.0
1.6475263,1.9432867,0.011764288
0.71257967,1.3358936,0.43451425
0.70171577,1.3300943,0.4396079
0.5800447,1.1949842,0.4330752
0.5361025,1.122705,0.43866467
0.5211417,1.145232,0.4549313
0.59013253,1.2008893,0.5176489
0.44108313,0.997478,0.59812796
0.5265408,1.0002089,0.5673367
0.95613474,1.6116347,0.5185311
1.4517479,1.9539423,0.3605237
1.3987443,1.9563978,0.23539305
1.474999,1.9894001,0.2054236
1.4612293,1.5511189,0.06635964
1.2600584,1.4456382,0.05773157
1.5457325,1.7093589,-0.0
1.5177805,1.7264068,-0.0
1.5020411,1.5865519,-0.0
1.4925184,1.5597229,-0.0
1.436173,1.5542753,0.0018110275
1.397655,1.6397777,-0.0
1.6069367,1.8530328,-0.0
1.6283276,1.9236214,0.020629466
1.5578251,1.7610333,0.17781031
1.3579173,1.501318,0.28799468
0.5980627,1.2149503,0.4362018
0.45827085,1.1053045,0.38369817
0.41161138,1.0289936,0.41941714
0.4575898,1.012033,0.44896793
0.53463966,1.1436994,0.44359756
0.6790032,1.2373221,0.5420009
0.6120449,1.2140572,0.5759756
0.62612516,1.2468066,0.6224416
0.6810407,0.8608713,0.69976586
0.95660144,1.2733645,0.4678954
1.3165147,1.8984013,0.3280642
1.3999419,1.8847585,0.29760092
1.3885071,1.6349394,0.08472884
1.4437106,1.4805839,0.059149444
1.4683192,1.4614358,-0.0
1.5170257,1.6767657,0.014518917
1.4947307,1.6470652,0.103750765
1.4102147,1.5651908,0.13709891
1.1593761,1.4830327,0.023899198
1.2009497,1.4085495,0.041604698
1.5230134,1.7444367,-0.0
1.6098762,1.7499392,-0.0
1.5500531,1.7836542,-0.0
1.6224077,1.9163918,-0.0
0.48905832,1.1013827,0.4076449
0.4164613,1.0482893,0.4201686
0.5518469,1.0797215,0.5499101
0.59233135,1.2392166,0.4406589
0.73694783,1.1687651,0.5264106
0.7638586,1.0599568,0.65095407
0.9903168,1.3410852,0.42233065
1.0697415,1.5240309,0.42101714
1.4320648,1.6293063,0.054786086
1.4872484,1.386069,-0.0
1.265378,1.2038431,0.06744009
1.2494903,1.1930904,0.042726517
1.2487719,1.2798865,0.0060460567
1.4597311,1.490176,-0.0
1.4089189,1.370877,-0.0
1.3738301,1.3049169,0.0024275184
1.6132498,1.6839406,0.022170842
1.2742884,1.5920484,0.17309159
1.2996421,1.6224525,-0.0
1.692373,1.8669584,-0.0
1.6641433,1.902394,-0.0
1.6297996,1.9158947,-0.0
1.5890374,1.9251971,-0.0
1.5929503,1.8836792,-0.0
1.4030447,1.5847158,0.23450726
0.33108634,0.915303,0.56806695
0.5978746,1.0582111,0.5662074
1.1429112,1.61269,0.51442516
1.150996,1.7011602,0.48494175
1.0436478,1.5256848,0.42150962
0.90534884,1.2044797,0.6124721
0.9391723,1.2133598,0.5196854
1.4266694,1.71539,0.02847737
1.3701792,1.4692068,-0.0
1.1780434,1.1570306,0.10513687
1.5817797,1.7366116,0.07314587
1.16294,1.4485712,0.114204824
1.338862,1.5810077,0.039912224
1.603159,1.8400905,-0.0
1.6845,1.8762574,-0.0
1.6931727,1.9030371,-0.0
1.6180758,1.940532,-0.0
1.4988799,1.7549582,0.1338588
0.3366465,0.8804419,0.620666
0.35174638,0.92417693,0.5830314
0.3547011,0.8815687,0.5899382
0.43421358,0.9284706,0.5402249
0.62549514,1.0878222,0.48434785
0.6837366,1.0967524,0.54804623
0.5873088,1.0342228,0.5624298
0.5543428,1.1044173,0.48456147
1.048317,1.5726831,0.24942064
0.73351604,1.3803482,0.40817437
0.8340687,1.3002846,0.5394019
0.96585387,1.2797928,0.5464049
1.289407,1.933542,0.3732047
1.5251286,1.9590688,0.14729905
1.4816175,1.9252663,0.07912117
1.4814215,1.5498006,0.05485481
1.3308861,1.2149878,-0.0
1.384274,1.0808568,0.04673344
1.1304379,0.98022175,0.20140618
1.1298203,0.9913418,0.21298581
1.2416584,1.2685606,0.06710678
1.2807059,1.2958667,0.013296783
1.3590856,1.2358391,0.07059026
1.3171504,1.0954967,0.06746817
1.1926074,1.0419698,0.08261037
1.6083896,1.8053925,0.020718992
1.6494939,1.8482132,-0.0
1.6526101,1.8864217,-0.0
1.6869347,1.9321232,-0.0
0.2598465,0.9242544,0.60998136
0.2998032,0.8988037,0.6054561
0.50335246,1.008048,0.49179834
0.9926159,1.4966612,0.32295966
1.0099418,1.3280902,0.3154179
0.9173817,1.2082291,0.3467639
1.0250657,1.2524729,0.48930898
1.3565383,1.8640139,0.31068975
1.4046764,1.9475579,0.091887
1.3546057,1.7068727,-0.0
1.2921245,1.4765017,0.07517058
1.3977087,1.4257259,0.047602832
1.360631,1.2140851,-0.0
1.2094641,0.9112947,0.06911254
1.0251112,0.87997365,0.23431045
1.1774144,1.1619213,0.12128961
1.319577,1.0934365,0.14080226
1.4605772,1.4147692,-0.0
1.550667,1.8136098,-0.0
1.5148401,1.8850288,0.0016813874
1.2399614,1.4947629,0.05795175
1.3624625,1.5703471,-0.0
1.7370443,1.9097073,-0.0
1.599925,1.9170337,0.031033754
1.5502872,1.779263,0.061995327
0.36539966,0.9046459,0.61611617
0.8497159,1.443934,0.6377746
0.8503241,0.93105364,0.39112124
0.84458154,1.1483858,0.47053397
1.120378,1.6000085,0.4005372
1.267643,1.9065256,0.30208558
1.4969606,1.8582323,0.10953313
1.2261672,1.3958745,0.020239472
1.30494,0.97069025,0.04922223
1.1952705,0.8837552,0.13771355
1.1936979,0.93544865,0.27885723
1.1556697,0.9883933,0.25178146
1.0845752,0.73991024,0.2581411
0.9830707,0.75663865,0.29437855
0.9215055,0.9204438,0.23331195
1.1052849,1.1182382,0.14928544
1.4182134,1.2515979,0.23227954
1.3229148,1.1261926,0.19783807
1.2696853,1.1478488,0.0935663
1.4402583,1.7538753,-0.0
1.7422075,1.8524425,-0.0
1.5611565,1.6493673,0.13396078
1.4086466,1.5043042,0.14770317
1.0190945,1.4871547,0.72936815
1.2621546,1.7514875,0.5456653
1.3148174,1.8489983,0.43693417
1.2461383,1.8384483,0.40248886
1.0688927,1.6725459,0.4246293
1.00401,1.3604968,0.4703909
1.3301792,1.8063517,0.35750484
1.1842787,0.92340755,0.037328303
1.199986,1.019027,0.23106444
1.0087376,0.7176877,0.33706802
1.3790123,1.380204,0.045600295
1.5944691,1.8270204,-0.0
1.6213796,1.7010202,-0.0
1.4420328,1.7271216,-0.0
1.4283605,1.5059643,0.08832824
0.5109816,1.1054139,0.7798898
0.79380506,1.4451084,0.7742087
1.0181425,1.5396566,0.78596795
1.0858362,1.5592184,0.7574281
1.146266,1.5912561,0.6428017
1.1007872,1.730531,0.4707953
1.319798,1.941896,0.3216519
0.98711497,1.383573,0.4503311
0.73451036,0.83430696,0.47455275
1.4426105,1.7106011,0.07615471
1.4818406,1.6663008,0.043397367
1.4918516,1.4231586,0.095621884
1.2019637,1.1570723,0.21589595
1.028795,1.0138896,0.16360849
1.0933993,1.099689,0.10121769
1.5425613,1.6373644,0.024460256
1.6200652,1.7928956,-0.0
1.5827837,1.7819629,0.0057312846
1.4367213,1.3830764,0.24537867
1.1341662,1.7474034,0.6277983
1.1685703,1.8269439,0.3640785
1.2217109,1.8831079,0.32123697
1.2114193,1.8537173,0.24757713
0.9332492,1.1301653,0.61145246
1.3455341,1.7009261,0.14543694
1.0809245,0.70413756,0.24522436
1.0939627,0.6771052,0.27126914
1.1835964,0.97074103,0.35568982
1.1129124,0.9767337,0.27001733
1.2237422,1.1585841,0.17818886
1.2070627,1.1646287,0.13295233
1.4207253,1.3473034,0.09552938
1.376071,1.412637,0.08544445
1.5024972,1.6487782,0.008562148
1.6693678,1.8578758,0.010450423
1.4859936,1.72031,0.12351507
2.1340659,0.6522871,0.10574114
1.5647898,1.3044801,-0.0
1.3953784,1.6562808,0.065389395
0.96870357,0.86460567,0.2771678
1.0745108,1.7507651,0.4452885
1.2050519,1.9016519,0.36377323
0.97990006,1.749219,0.3169078
1.0288794,1.7909174,0.31636998
1.0200267,1.8313906,0.32789537
1.13901,1.3004096,0.72427213
1.2032888,1.3739347,0.66139174
1.2438226,1.6252859,0.43667305
1.4269412,1.6625469,0.12495953
1.4878869,1.4247053,-0.0
1.452172,1.3063464,-0.0
1.2727749,0.9322252,0.04006678
1.1487644,0.7645341,0.20463431
1.3534999,1.2869148,0.1515435
1.2953348,1.136919,0.29572156
1.307425,1.2660387,0.26942158
1.2839289,1.316344,0.17998874
1.413924,1.3472002,0.10962069
1.6676424,1.8319454,-0.0
1.4452806,1.3238492,-0.0
1.293349,1.4889226,0.05721605
1.6149902,1.4403176,0.17742234
1.5716856,1.4652927,0.30033576
1.3885844,1.4071188,0.34496024
1.0236893,0.9885628,0.40762278
1.0828106,0.67595553,0.40912876
1.17365,1.8493235,0.3602677
1.1669288,1.8377695,0.38264984
1.0273573,1.7945399,0.3990606
1.2400029,1.5872633,0.44676608
1.3895011,1.6594234,0.48321655
1.1585939,0.85318303,0.12924862
0.9449366,0.7272494,0.3197745
1.0925753,1.1564372,0.03633541
1.315974,1.1516979,0.29806894
1.4297392,1.4550691,0.21773416
1.4019651,1.4266741,0.19828391
1.4261847,1.419152,0.23482114
1.4470546,1.4367828,0.20212865
1.5323853,1.6266351,-0.0
1.6879861,1.7999427,0.07392174
3.0447922,-0.0,0.044624925
2.9206276,-0.0,0.1915375
1.8343315,0.85884356,0.06425297
1.497191,1.140728,0.037737787
1.6108756,1.4505861,0.18716115
1.4837301,1.2459173,0.35554683
1.0896723,0.6193882,0.5480323
1.0156085,0.23230016,0.5224695
1.018245,1.7144129,0.40013203
1.0907261,1.8042381,0.36262035
1.1126895,1.8034649,0.34283024
1.1235862,1.8233533,0.43900412
0.9461146,1.5668414,0.4457535
1.0021021,1.4747515,0.5660356
1.4098892,1.7790012,0.119249165
1.4897354,1.7301002,0.0365597
1.4914267,1.5370286,0.019070804
0.96545106,0.6338731,0.42286372
1.1922078,1.049891,0.22718233
1.5240517,1.5199418,0.0493654
1.41752,1.2335627,0.083545685
1.5317359,1.6412532,-0.0
1.6083584,1.6552358,-0.0
1.6373339,1.7999837,-0.0
1.7137837,1.901062,0.057745814
1.7848408,1.8134179,0.028044343
2.8685968,-0.0,0.17106861
1.7248304,1.3425314,0.19084984
1.5967147,1.3700466,0.20871395
1.5029893,1.3318958,0.3237418
0.8944823,0.24721837,0.54295117
0.97486025,1.7583704,0.32548538
1.01524,1.6150553,0.47242463
0.99456733,1.5631006,0.46257707
1.1427863,1.6104913,0.34784132
1.4649,1.4995372,-0.0
1.0554042,0.84158397,0.331628
1.2882204,1.0467525,0.18594778
1.3786743,1.3681045,-0.0
1.4917717,1.5632765,0.04608661
1.5094719,1.5260861,0.05228579
3.3735938,-0.0,0.07500136
3.2628756,-0.0,0.10076147
3.0301707,-0.0,0.15460992
1.5957072,0.9162648,0.028388321
1.5614762,1.2823956,0.13548315
1.6325111,1.321126,0.16729844
1.7110646,1.3068855,0.19725215
0.9569259,0.57148314,0.48612994
1.0101566,1.6330464,0.4415188
1.0882547,1.6770055,0.43009284
1.1109953,1.7200079,0.38320032
1.159435,1.7275622,0.3784738
1.1693823,1.8170488,0.40785167
1.2705863,1.9271276,0.3883953
1.0454926,1.6743376,0.46314082
0.961469,1.6929648,0.47368917
0.99552554,1.5498316,0.4360397
0.9456735,1.5437572,0.50981534
1.0909574,1.6397221,0.47347194
1.4824822,1.5386541,0.08365935
1.4290206,1.4077992,-0.0
1.1788006,0.9573355,0.027754307
1.1320274,0.8694773,0.1305505
1.0666704,0.78671694,0.1771369
1.0243936,0.7734835,0.20163482
1.1814628,0.9666712,0.16904134
1.1667473,0.8978205,0.24600816
1.246207,1.2030809,0.021942496
1.3162358,1.2249653,0.14317256
1.5133841,1.545454,0.015537083
1.5147226,1.3768265,0.13979703
1.4435785,1.2606494,0.11496413
1.4381618,1.2350442,0.10233343
1.4413309,1.3888705,0.034998775
1.6431482,1.7048845,0.04834479
1.7532325,1.832061,0.05594164
1.7217569,1.8658686,-0.0
1.6671319,1.8578885,-0.0
1.681761,1.8713651,-0.0
1.7423978,1.5764201,-0.0
2.0724523,1.0231159,0.1180833
3.3301563,-0.0,0.010000229
1.3703003,1.2129595,0.11056107
1.58126,1.2468832,0.1866337
0.9662933,0.94629955,0.5703013
0.9007973,1.6438324,0.40572447
0.9753223,1.6123378,0.3237633
1.1116309,1.7424636,0.33806255
1.3603842,1.5752182,0.25942063
1.4098465,1.4995725,0.09604043
1.0629756,0.7723466,0.24570364
1.1450558,0.8572111,0.27110308
1.1383765,0.89920664,0.22585124
1.1856289,0.922595,0.20199817
0.97664183,0.7533157,0.3289662
1.2073469,1.0758214,0.21830112
1.2175875,1.1237457,0.23035818
1.4611661,1.5430338,0.04444766
1.4434206,1.3799319,0.10307956
1.3431573,1.2445068,0.0696004
1.4093688,1.3273823,0.10326797
1.7325022,1.8429992,-0.0
1.6514223,1.85376,-0.0
1.7198586,1.8634186,-0.0
1.6134777,1.5102143,-0.0
2.37241,0.4599985,0.1430378
2.6818936,0.018517017,0.09428573
3.12367,-0.0,0.05690056
3.217319,-0.0,0.014559925
3.1053958,-0.0,0.007821739
2.0488842,0.12379348,0.11385864
1.23722,0.79912543,0.19877899
1.4145513,1.1435473,0.14167243
1.3501005,0.9335847,0.35152876
0.8827068,1.6557641,0.4345515
0.91259176,1.6103289,0.47558162
1.1790547,1.8829634,0.32247958
1.1486657,1.8976419,0.2625264
1.0009401,1.7436967,0.39725944
0.968088,1.7208557,0.4314545
1.2182884,1.7256787,0.38485143
1.0416071,0.7002909,0.25970024
1.2356725,0.9059775,0.2103402
1.0794916,0.84419155,0.19266748
1.1185827,1.0877635,0.28409326
1.2010641,1.0375619,0.2632228
1.2378325,1.2837286,0.31980595
1.3353846,1.3694696,0.15326655
1.2311091,1.2504005,0.12582463
1.2260067,1.2728484,0.12032211
1.429894,1.5653858,0.06581265
1.5274136,1.4017291,0.077629566
1.6108854,1.6436825,-0.0
1.6352673,1.730125,-0.0
1.5730574,1.558208,-0.0
2.5471551,0.004393339,0.07097232
2.1266081,0.15986407,0.05501038
1.9139109,0.25080526,0.08281267
1.5034115,0.88196945,0.24195182
1.7627802,0.6871377,0.22992188
1.8201747,0.6102245,0.25013036
1.7737837,0.670444,0.29159492
0.98866135,1.3300936,0.5314388
0.7961106,0.9498522,0.6418739
0.94959146,1.6800418,0.42475808
1.1129446,0.75045145,0.2573688
1.0864961,0.7690691,0.27234274
1.1891689,0.9365299,0.18145037
1.1064286,0.8558619,0.20965058
0.94689125,0.8295145,0.36366832
1.3728995,1.2737217,0.2918185
1.3656569,1.3037603,0.3004316
1.1864033,1.2217834,0.23489541
1.259397,1.3539448,0.10274601
1.5028217,1.428916,0.13295293
1.498997,1.3793795,0.18979138
1.5707715,1.6085286,0.071501315
1.553376,1.7097218,-0.0
1.5715203,1.4824135,0.02307272
1.4850867,1.1536157,0.16721839
2.0614493,0.41462708,0.11868274
1.9004135,0.4457152,0.17780423
1.4309261,0.4738772,0.31213242
1.5998406,0.58039784,0.24766201
0.9534989,1.2819118,0.5352366
0.9333934,1.1634605,0.5891103
0.9298889,1.5710907,0.40321097
0.9336783,1.6468573,0.40123096
0.9614487,1.574265,0.44710892
0.95877177,1.5626891,0.47695354
1.1820383,1.8179672,0.5065446
1.0467682,1.7509918,0.4912443
1.0357134,1.763174,0.4347741
1.0635021,1.6946645,0.42122588
0.99462265,1.6505785,0.4090368
1.3545609,0.9785669,0.17841488
1.1437018,0.7468771,0.26180124
1.2287724,1.1296561,0.22496843
1.3000021,1.3987782,0.06263375
1.1924319,1.1697268,0.15330148
1.2490704,1.2682848,0.16597807
1.2791252,1.3196542,0.1924349
1.2095046,1.2351725,0.19649708
1.4348686,1.4656596,0.10671127
1.5501559,1.5372746,0.19186342
1.5324588,1.7597721,0.09584123
1.5343964,1.7899873,0.05319053
1.665684,1.6580968,0.12320942
1.6283772,1.4675145,0.18747002
1.4884794,1.2609184,0.2445851
1.7305377,0.6910529,0.26309025
1.2386627,0.4763714,0.29828343
1.6837056,0.62419057,0.27028048
1.483705,0.8369231,0.33395165
0.9162231,1.5730071,0.3679228
0.9266916,1.5766695,0.40941527
0.89987403,1.5896261,0.46003982
1.2057128,1.8895125,0.4875696
1.2249665,1.8326905,0.39522973
1.0962396,1.7584035,0.41452184
1.0379977,1.6700468,0.38786897
1.0483999,1.6938791,0.46210003
1.2818377,1.6222105,0.33001804
1.3594458,0.9900172,0.07648057
1.0499501,0.8460157,0.3482126
1.1663876,1.1350839,0.13172722
1.3610604,1.2019551,0.13864869
1.2415948,1.1203933,0.24262363
1.2534578,1.186913,0.30326712
1.281065,1.2190917,0.21898478
1.2444828,1.1143899,0.27874655
1.0727139,1.0856063,0.20907271
1.0791235,1.1120169,0.18973315
1.2072711,1.0822089,0.36806557
1.296937,1.1774545,0.44138336
1.4255061,1.3819518,0.29932302
1.4949651,1.6122978,0.112648785
1.6105113,1.7212553,0.08181268
1.6035533,1.7314115,0.15015346
1.5923402,1.8010728,0.105195165
1.6013246,1.7957475,0.1026572
1.342036,1.1021564,0.32032114
1.369133,1.3724968,0.2403754
1.4813788,1.4111507,0.20651954
1.5664496,0.7730671,0.21500152
1.3613062,0.59015775,0.36813566
1.3818834,0.33743942,0.37232694
1.4009261,0.25764072,0.4272438
1.2365572,0.35748565,0.3590856
1.5888433,0.7843654,0.28731543
0.85448474,1.5550435,0.41245785
0.8967652,1.6019375,0.4751622
0.95485204,1.7133477,0.51080275
1.277219,1.9694946,0.50073266
1.2724588,0.7953348,0.1618715
1.2218356,0.8179362,0.16429687
1.168808,0.8433676,0.27412635
1.1142237,0.8642552,0.31999233
1.1427402,0.87958264,0.2802477
1.1750178,1.0005424,0.17973018
1.3048797,1.0996342,0.34865656
1.3167098,1.2026184,0.27174824
1.2732673,1.2407393,0.19351083
1.3467498,1.2520847,0.3585185
1.4431717,1.2862864,0.31103143
1.5151608,1.593147,0.1680212
1.4694574,1.5877717,0.20548147
1.5783489,1.5628448,0.41304612
1.3702588,1.2785156,0.22823387
1.2540071,0.8757236,0.22487968
1.2707989,0.84990954,0.20715946
1.3224766,0.8152981,0.34826759
1.3220596,0.6897731,0.3692887
1.3554859,0.49820888,0.35287467
1.4063065,0.24569416,0.3762214
1.6607904,0.67910194,0.33458507
1.2973313,1.2063506,0.30962405
1.0258064,1.3439465,0.37535027
0.9462374,1.3692458,0.3985168
1.3328047,1.7296507,0.3419279
1.2635772,0.8342488,0.15174955
1.1924157,0.8603773,0.17288381
1.302114,0.91452193,0.20853317
1.2717311,0.9510803,0.17828172
1.0460365,0.9026866,0.22856992
1.1283584,0.9618933,0.26544136
1.1215069,1.0885324,0.28531015
1.2145977,1.202488,0.19286853
1.2005391,1.2620978,0.18166333
1.3363907,1.2369289,0.32358286
1.4178562,1.4411991,0.33863348
1.5319147,1.6327095,0.14482439
1.5427201,1.8379021,-0.0
1.5403218,1.842181,-0.0
1.5724809,1.9218938,0.08197898
1.5858197,1.859468,0.13981146
1.15273,1.0589247,0.27875853
1.208621,1.0801542,0.28098935
1.2771299,1.0984557,0.31871173
1.447267,0.4078864,0.39909112
1.4122305,0.30950868,0.42830098
1.7031157,0.668476,0.3000989
1.2851424,1.8367758,0.55447114
0.9110221,1.5640934,0.45665058
1.3070598,1.7134731,0.36310124
1.516037,1.3078139,0.16851449
1.4464891,1.0897162,0.18142039
1.2353752,0.9041312,0.20805955
1.2263229,0.9222686,0.07930195
1.2906611,0.97492456,0.13141668
1.104912,0.8420074,0.29410848
1.1062791,0.7566253,0.36654028
1.2741096,1.1995764,0.35218933
1.2506282,1.2390139,0.27492762
1.3673141,1.5359058,0.19610572
1.436094,1.637063,0.13983434
1.5476022,1.6969044,0.10495597
1.5774179,1.8545191,0.09521103
1.6021595,1.7136273,0.19399291
1.6479118,1.8281412,0.07091755
1.4276121,1.727922,0.16585523
1.2402124,1.1074011,0.32418272
1.4243908,1.1109545,0.3062137
1.2934904,0.5852748,0.39896837
1.1056459,0.7822125,0.35218552
1.579345,0.77571094,0.31911904
1.7582989,0.8585937,0.2776636
1.1886892,1.7377014,0.48261794
1.3962963,1.7581391,0.3914953
1.5287817,1.6938522,0.14372909
1.5809596,1.4782238,0.109678924
1.5544238,1.2688146,0.15473926
1.1617169,0.88565445,0.14452076
1.2144492,0.927557,0.19773972
1.1667714,1.043814,0.29338932
1.2672238,1.1949644,0.2532984
1.5002792,1.6614482,0.15817899
1.5083358,1.7114232,0.10763067
1.521761,1.7799616,0.07869178
1.4802067,1.7376151,0.083798766
1.5293529,1.7395942,0.075767696
1.5374582,1.6712353,0.04563099
1.5624723,1.6534483,0.055602074
1.5469937,1.6639128,0.099853456
1.5408533,1.5323513,0.14362961
1.4584787,1.6537602,-0.0
1.4169197,1.2029269,0.21963006
1.3734484,0.96125937,0.31854343
1.2196827,0.92306566,0.32553858
1.2578847,0.8609154,0.24073052
1.3882701,0.9074142,0.23394299
