0,1,2,3,4
2.1129055,2.901138,2.9905772,3.110354,4.453099
2.162245,2.9825518,3.061415,3.085708,4.3498707
2.079387,2.8197482,2.8792486,2.8935666,4.007463
2.0407686,2.761942,2.78185,2.8449602,3.9653273
2.0233328,2.725751,2.732339,2.8369594,4.0142465
1.974193,2.6929648,2.7432337,2.8243077,3.9770546
1.9689004,2.721407,2.752579,2.788166,3.8663018
1.8885107,2.638343,2.6361861,2.70841,3.8040466
1.9531176,2.6072695,2.5931506,2.6879804,3.7647793
1.9501492,2.5712178,2.4511719,2.504766,3.449257
1.8633801,2.442244,2.400913,2.4353023,3.4035625
1.8944854,2.4500258,2.376093,2.380742,3.3785806
1.7990636,2.4138825,2.3753839,2.4286258,3.4126358
1.836265,2.4216015,2.38129,2.402795,3.441004
2.1155956,2.8827116,2.8743117,2.928065,4.2337275
2.3169658,3.0879633,3.0809667,3.077445,4.3272405
2.3237755,3.1362162,3.1327488,3.1225152,4.3583336
2.3292735,3.1667807,3.1186306,3.1380925,4.393365
2.2575727,3.06858,3.0904741,3.1082485,4.32201
2.2278254,2.9738157,3.014001,3.112792,4.3200374
2.3341906,3.2054229,3.1506479,3.2162912,4.515202
2.2884278,3.1910396,3.2683883,3.3154976,4.6857157
2.273759,3.1017118,3.189776,3.3040426,4.561413
2.2098126,3.0423896,3.183603,3.2516105,4.452765
2.2173164,3.04771,3.0773008,3.20534,4.480334
2.2488341,3.065646,2.9624455,2.9950469,4.147826
2.170857,2.925594,2.8781295,2.933597,4.103265
1.7362056,2.176827,2.336075,2.7224998,3.9872072
2.006527,2.7298164,2.5897148,2.5483615,3.5844016
1.7402059,2.390482,2.354545,2.394351,3.4132807
1.7031968,2.228989,2.2426126,2.1535661,3.345861
1.4948756,1.7762877,1.8017428,1.768284,2.9799402
2.6352603,3.6005416,3.568253,3.3418136,4.7097335
2.2020078,2.9543664,2.976821,2.9898288,4.172863
2.1216056,2.833369,2.8227925,2.855471,3.904507
2.0205848,2.7662807,2.7427332,2.7700493,3.7800858
1.9989041,2.7304702,2.7386117,2.746274,3.8232577
2.010797,2.752579,2.687866,2.685066,3.7016354
1.89376,2.5931506,2.5970082,2.6610787,3.6908746
1.8102605,2.4892864,2.500221,2.595397,3.6383173
1.7702647,2.4222264,2.4287932,2.5414526,3.6215336
1.7961173,2.4280903,2.354489,2.2084231,4.054325
2.2821472,3.0809667,2.8961072,2.8288074,4.134509
2.3240213,3.1040297,2.9997892,3.0782793,4.331931
2.3512564,3.1256561,3.0719209,3.139806,4.34585
2.2116024,3.0020473,3.025511,3.0905697,4.3249297
2.168818,2.9805212,3.0181992,3.1213963,4.369508
2.3214328,3.1650374,3.1019351,3.147735,4.411477
2.240496,3.0788236,3.099099,3.1600611,4.5058193
2.1696882,2.9974775,3.0587912,3.1737852,4.49565
2.1379635,2.914515,2.9121284,3.0000486,4.180995
2.1166599,2.9068768,2.9084988,2.9547193,4.149425
2.0547328,2.8242795,2.820272,2.9317014,4.129251
1.8003755,2.4059532,2.6421676,2.9226403,4.1835356
1.9112015,2.5029874,2.7091768,2.9527695,4.217819
2.0670037,2.730235,2.8581212,2.9904509,4.249896
2.0585225,2.764091,2.7954414,3.0317712,4.3554416
1.7843559,2.3878438,2.4605305,2.57975,3.6166487
1.6635821,2.3155997,2.296198,2.375247,3.431165
2.3693545,3.231199,3.406263,3.4662912,5.16004
2.2508621,2.9341364,2.930665,2.9890337,4.317858
2.2033129,2.9452853,2.9576144,2.9717457,4.167669
1.9874929,2.6980438,2.6693103,2.7978265,3.8624291
1.8797073,2.5895176,2.5411975,2.7165287,3.7748628
1.8839188,2.5884967,2.5688674,2.6603074,3.7164233
1.8697296,2.5674129,2.5453203,2.628683,3.6965141
1.6774205,2.3854542,2.5052116,2.591274,3.676583
1.7003917,2.3475742,2.4103236,2.4893956,3.5473418
1.6763409,2.3217478,2.3421006,2.4390955,3.7505987
1.686901,2.339537,2.3461845,2.3683603,4.111765
1.6704323,2.354331,2.358882,2.285115,4.294777
1.9587822,2.3994246,1.841834,1.8075238,4.4049153
2.1795366,3.0105743,3.003135,3.022412,4.2392163
2.2146583,3.0497963,3.0118537,3.1171553,4.3212686
2.1528487,2.956095,2.9081774,2.9324913,4.0954123
2.0848668,2.8906996,2.860974,2.9525497,4.108456
2.066963,2.8330758,2.858959,2.9265666,4.075533
1.9954971,2.7112145,2.867722,2.9408596,4.1364655
2.1141498,2.8959837,2.9071708,3.0186005,4.2644644
1.7095734,2.3714356,2.436752,2.5518935,3.5086665
1.6391871,2.291336,2.3637753,2.4253974,3.4622076
2.4856899,3.3819249,3.4899871,3.5274863,5.114954
2.155927,2.933325,2.9145951,2.9889631,4.2048125
2.1884885,2.9489477,2.8949091,2.9802506,4.190585
2.1230001,2.854315,2.80629,2.904403,4.1392584
2.0463188,2.751729,2.7771897,2.8764064,3.9923365
1.8166537,2.5518308,2.652501,2.73327,3.843308
1.8232864,2.5422318,2.5809906,2.5753243,3.8491461
1.7639946,2.4103236,2.411371,2.2822075,4.0989947
1.7296474,2.3607976,2.3340733,2.0577972,4.3496513
1.7403278,2.358882,2.2169366,1.8476393,4.4921894
2.0173833,1.7392682,1.6965309,1.6996226,4.4796214
2.1140516,2.873474,2.7615206,2.7279847,4.053486
2.2212007,3.0672984,3.1423342,3.3087642,4.59325
2.295689,3.2047763,3.2304437,3.3187575,4.5936785
2.3298943,3.1775725,3.1731849,3.2107003,4.4528317
2.2496984,3.0955777,3.1523848,3.196563,4.4658117
2.2041547,3.0358741,3.0972173,3.2027037,4.432402
2.1901655,3.0118537,3.0523474,3.1891117,4.4409804
2.2975707,3.1185331,3.1201525,3.1920226,4.508324
2.1776674,2.9629116,3.013141,3.1641345,4.43026
2.1150453,2.884779,2.926654,3.0702114,4.288425
2.0924017,2.8576252,2.8518279,3.011587,4.2249637
2.1096933,2.9018302,2.9141362,3.0331697,4.2380633
2.0861423,2.858959,2.8898118,3.0451279,4.2619567
2.06065,2.8386705,2.8735042,3.019032,4.2373695
2.1730883,2.931985,2.994414,3.113811,4.35229
2.1992526,2.9786308,2.9515889,3.017154,4.266837
1.6179434,2.2314358,2.3359525,2.4939008,3.58011
2.1923513,2.9190776,2.8923419,2.9120758,4.069536
1.9267033,2.7480016,2.7416003,2.793456,3.8562996
1.9100729,2.655426,2.6666212,2.7338414,3.7754545
1.7393456,2.27871,2.0843103,1.8139417,4.607942
1.9561932,2.033591,1.7935694,1.777372,4.5352707
2.156099,1.7220336,1.7610899,1.720993,4.628594
2.1942053,2.178451,1.8120685,1.9479183,4.53642
2.116068,2.888673,2.874815,2.9322827,4.3269153
2.2772164,3.1340415,3.108321,3.1522408,4.410537
2.278791,3.1523848,3.109235,3.152639,4.4822845
2.1833322,3.04173,3.1112235,3.1845195,4.474717
2.248985,3.1172104,3.1287951,3.2866046,4.6648273
2.260903,3.058417,3.071067,3.1700537,4.4400363
2.1769898,2.9743247,3.0434668,3.1424205,4.3682775
2.067342,2.9518054,3.1183805,3.2209816,4.6721077
2.109183,2.9795551,3.0953104,3.2001107,4.454561
2.0851593,2.9120007,3.0098403,3.1562226,4.4016833
2.105668,2.8757017,2.9871829,3.146221,4.3153677
2.1163182,3.007416,3.070383,3.0811322,4.3269396
1.953662,2.6983778,2.7509358,2.7326322,3.8102987
1.8063159,2.560151,2.5840957,2.6186757,3.7019005
1.4939473,2.1920867,2.3535137,2.4936597,3.5341403
2.2544913,2.9722683,2.9699411,3.0080001,4.1199846
1.9386699,2.689682,2.6757648,2.7087579,3.8195448
1.8313117,2.5345829,2.4633448,2.2024014,4.1143694
1.8351158,2.4956393,2.4054568,2.0263681,4.517384
1.8464644,2.0867732,1.8433089,1.815731,4.9051275
1.958156,1.8858572,1.7994492,1.837384,4.8989
2.2382226,1.7167716,1.7467109,1.7853786,4.6615067
2.170355,1.7807754,1.7914554,1.7477344,4.620555
2.3004072,2.2411199,1.9456263,2.1052136,4.335219
2.2712622,3.1374047,3.097181,3.1900697,4.440571
2.2631252,3.1502671,3.1677594,3.2235641,4.5246363
2.258398,3.0973506,3.0714817,3.1618812,4.375374
2.268583,3.181892,3.1825702,3.1978486,4.5453644
2.2971396,3.1575797,3.1651313,3.1980414,4.443236
2.2657065,3.146677,3.189787,3.2198458,4.4867854
2.2702262,3.0559,3.0731347,3.120769,4.3769155
2.1185007,3.016529,3.1100729,3.1877804,4.494018
2.2996833,3.1449976,3.1766875,3.1986063,4.378536
2.179787,2.9219787,2.8120358,2.602604,3.5042944
2.0770142,2.7509358,2.626587,2.4601424,3.4028563
1.8747435,2.5762055,2.5213013,2.4016578,3.4137018
1.6980538,2.3781307,2.4663978,2.5591187,3.6459858
1.5164796,2.0507643,2.2423012,2.3615284,3.3671465
2.5949533,3.3718107,3.1995783,3.1973617,4.4426966
2.337462,3.1521125,3.0709474,3.0767398,4.3416142
2.0610418,2.8110414,2.8204613,2.9416778,4.106519
2.0094032,2.780082,2.8054187,2.9109235,4.007881
1.9637716,2.7382388,2.7984407,2.894258,4.02379
1.9736788,2.7209892,2.7125835,2.661306,3.8948934
1.8100706,2.5145895,2.3470876,1.9900483,4.448223
2.2595098,1.831706,1.8479618,1.8041669,4.7752733
2.1839848,1.7846369,1.7751884,1.8012275,4.7266154
2.2580009,3.0941465,3.0970798,3.1851923,4.4200573
2.2730577,3.1387215,3.1229126,3.161454,4.346133
2.2948449,3.1136389,3.0661714,3.170294,4.465174
2.310783,3.1605492,3.1641765,3.151354,4.4711204
2.3074377,3.1330976,3.1531823,3.113404,4.351842
2.3346949,3.15318,3.178744,3.2999592,4.7327175
2.2950795,3.085969,3.0855982,3.173711,4.3631334
2.239313,3.1267455,3.1073854,3.1519604,4.413087
2.1878643,3.00036,2.995571,2.9509676,3.9995296
1.7707822,2.4206245,2.350609,2.5261261,3.6104662
1.7439251,2.4209507,2.4250128,2.5593483,3.6866465
1.7689843,2.4663978,2.5209744,2.5652351,3.5983791
1.7597555,2.4434934,2.4858925,2.5632074,3.627228
1.7087752,2.3910728,2.3976953,2.5327055,3.6397333
1.5901253,2.2569504,2.3692553,2.4815817,3.5551732
2.4953918,3.2964144,3.1630688,3.2706037,4.6410747
2.0717459,2.8340845,2.8854563,3.010912,4.1541066
1.9862504,2.7781658,2.6968281,2.5964322,4.063695
1.8869277,2.5706017,2.4692748,2.1944134,4.2817125
2.0541902,1.8873584,1.8929629,1.8367606,4.335921
2.3919597,1.8347515,1.930906,1.8693302,4.9584694
2.4182398,1.8555796,1.8859851,1.8770199,4.9980664
2.335,1.8283606,1.847787,1.8587373,4.6471405
2.3052933,1.8001224,1.8383099,1.8474754,4.465795
2.305406,1.8162773,1.8198806,1.7831945,4.350861
2.2771304,1.755098,1.8012322,1.7705789,4.3461504
2.1222014,2.8489776,2.5691211,2.4365568,4.1168666
2.3096592,3.1350992,3.1323667,3.2199316,4.5172887
2.2260845,3.1093652,3.1488426,3.265072,4.524523
2.2238343,3.096403,3.093302,3.1956973,4.4929266
2.2298794,3.0049317,3.0247204,3.1475096,4.3613234
2.2868035,3.090411,3.0742881,3.1193066,4.407788
2.3129456,3.1319602,3.1066048,3.1149452,4.369829
2.3413851,3.1641765,3.0679083,3.1339612,4.5293202
2.3164115,3.1185975,3.0415485,3.1120317,4.3953524
2.2507308,3.0544598,3.0119069,3.0506787,4.264819
2.35819,3.1375985,3.1681688,3.314322,4.74885
2.25167,3.0855982,3.1046174,3.1627815,4.31204
2.2264712,3.0376518,3.0728407,2.9296274,3.8576262
2.1054463,2.8450553,2.5944183,2.3323154,3.381986
1.9573959,2.648687,2.4989417,2.3614063,3.3436131
1.7085787,2.4114494,2.4212945,2.3970892,3.3122015
1.6801819,2.3692553,2.4102824,2.5719123,3.6597602
2.7336047,3.5104947,3.5010264,3.5648017,5.200333
2.4225447,3.2298408,3.2361882,3.3552694,4.6368356
2.1055043,2.9527926,3.1050851,3.195629,4.4364076
2.082875,2.8693287,2.8826127,2.954877,4.0998564
2.0135674,2.7965991,2.7654688,2.6744137,4.2650876
1.9153812,2.2841456,2.1385846,1.7886581,4.6555114
2.1502109,1.8427732,1.7189142,1.7117821,4.570841
2.3159342,1.8474754,1.7743782,1.7593229,4.5101395
2.1768506,1.8012322,1.7568733,1.7496003,4.3539486
2.2225578,2.01864,1.7938292,1.8132023,4.411205
2.3006918,2.2711103,1.8289573,1.8328221,4.3818717
2.2325268,3.0317514,2.918539,2.9496796,4.263375
2.2144809,3.0436573,3.0226154,3.1321936,4.372018
2.290259,3.1078694,3.0457675,3.1828501,4.4905033
2.2677715,3.1085067,3.0905237,3.2393665,4.5936437
2.2965431,3.15981,3.1533444,3.2894263,4.6396728
2.2583578,3.1488426,3.197159,3.202377,4.3922887
2.2685354,3.0487976,3.0475757,3.084531,4.4302216
2.2549717,3.0415485,3.0620553,3.1396427,4.39455
2.1999168,3.0278833,3.0468843,3.2341533,4.566886
2.2521462,3.1060212,3.1463544,3.3827949,4.772755
2.399972,3.2216837,3.2519312,3.334337,4.5968285
2.3504305,3.1966543,3.1629384,3.069572,4.1686935
2.2324958,3.0453086,2.971347,2.8025846,3.7009919
2.0199368,2.663203,2.316491,2.1958468,3.1759884
1.7222921,2.3618088,2.2936945,2.2580366,3.1634705
1.7870829,2.4367366,2.3802607,2.5025659,3.5868566
1.7638566,2.4727092,2.452838,2.5296779,3.6589
1.7799307,2.451849,2.4542058,2.3600545,3.182343
2.3486116,3.2356486,3.296087,3.3718019,4.7755547
2.3379862,3.2029288,3.286303,3.395971,4.7231197
2.0440056,2.8232315,2.846,2.6806116,4.2395515
1.8604445,2.378301,2.0234878,1.7803222,4.6914654
1.8810352,2.1523407,1.832636,1.8069909,4.726905
2.1903167,1.744663,1.7599236,1.7760432,4.633845
2.2172728,1.7331727,1.7352446,1.7862887,4.652395
2.3100207,1.7896485,1.9760264,1.8495392,4.4517326
2.4072194,1.7746685,1.7580391,1.7226542,4.707247
2.3892832,1.7907938,1.7460794,1.7228422,4.594923
2.2398107,1.80378,1.7724142,1.7400017,4.3282537
2.1641686,1.754509,1.7263067,1.6921006,4.247686
2.1935658,1.8132023,1.7993255,1.7933601,4.2195926
2.1830575,3.0010693,2.963524,3.019096,4.3208385
2.1904223,3.0226154,3.0335891,3.1330373,4.4683247
2.331853,3.2232316,3.210091,3.262722,4.522224
2.304298,3.0736053,3.059119,3.2187705,4.49555
2.1854424,3.0208526,3.0871987,3.3200407,4.687362
2.381908,3.2707841,3.2650607,3.15727,4.383077
2.203272,2.9736776,2.7838044,2.450908,3.290785
2.1694305,2.8895578,2.5777822,2.3276832,3.2795486
2.115295,2.8461835,2.4460573,2.2594128,3.251185
1.9464263,2.6003993,2.3115373,2.215092,3.1140823
1.6670488,2.2888484,2.2905588,2.419591,3.4281616
1.6132919,2.265917,2.2944229,2.5138466,3.6532588
1.7440552,2.3213522,2.2181983,2.1418772,3.0152395
2.3923414,3.286303,3.2951477,3.263921,4.5542455
2.28258,1.7650043,1.7751838,1.7589729,4.645496
2.3043013,1.7862887,1.7812195,1.7857256,4.7169595
2.2548444,1.7315782,1.7566031,1.7599972,4.5097766
2.0626817,2.8223507,2.613747,2.4842641,3.9214952
2.2115214,3.02934,3.0118287,3.056743,4.332731
2.248159,3.1299767,3.1344395,3.1552112,4.3535275
2.3714623,3.202823,3.1672244,3.2441032,4.5649595
2.3527575,3.2035236,3.1826324,3.2591283,4.515944
2.2136817,3.0840502,3.1429007,3.307539,4.6176896
2.1964743,3.0425982,3.0943484,3.2485774,4.5374513
2.2126787,3.0116913,3.072549,3.2494109,4.5279436
2.233154,3.0814948,3.1286633,3.231718,4.507292
2.260292,3.12778,3.1561303,3.2857053,4.618456
2.4370334,3.2773056,3.2176187,2.9971254,3.9022543
1.9403982,2.6076977,2.3029504,2.1259413,2.9630897
1.5565414,2.2108233,2.2712338,2.423309,3.6220868
1.557995,2.208621,2.2454867,2.265619,3.1888862
1.5783972,2.1956723,2.1558478,2.2414916,3.2554889
1.6015857,2.2050776,2.169751,2.3106468,3.3906987
1.6043656,2.1418772,2.0715036,2.1276052,3.034941
2.4327648,3.2989612,3.1946347,3.1784685,4.4980593
2.4036927,3.2351744,3.1548657,3.280906,4.5656896
2.1878555,1.7618303,1.8202982,1.7787324,4.5584946
2.2760262,1.7751838,1.788633,1.849443,4.8049536
2.260894,1.7857256,1.8350863,1.7991669,4.8928924
2.2552822,1.766228,1.7682693,1.8051952,4.5828414
2.2594757,1.77265,1.7335964,1.7954379,4.6170526
2.3874762,1.7359442,1.9454136,1.9734195,4.6078386
2.2606914,1.8074378,1.8345252,1.8232185,4.7050295
2.0937843,1.718448,1.7375045,1.727866,4.3274784
2.1406386,1.71409,1.7318062,1.7316123,4.236527
2.0945761,1.7139323,1.762027,1.747483,4.371403
2.0964367,1.79695,1.7519264,1.8077614,4.3261795
2.2069156,2.2852695,2.017877,2.0960646,4.296193
2.1578918,2.613747,2.3920662,2.3976693,4.0501266
2.272276,3.0972903,3.0658548,3.1309202,4.4595995
2.2974112,3.114242,3.0622606,3.1637173,4.3730774
2.309517,3.1694672,3.123448,3.1559744,4.373504
2.2933903,3.1626108,3.192168,3.3306727,4.6504292
2.2922356,3.126581,3.1773212,3.2604177,4.523648
2.2394998,3.0943484,3.172516,3.2497702,4.4755588
2.2498288,3.1375508,3.162313,3.2222607,4.4711313
2.3102882,3.2090688,3.2528067,3.3306172,4.716661
2.3180661,3.130024,2.8662574,2.456675,2.9912448
1.926699,2.5234704,2.088547,1.7725323,2.3976486
1.5713451,2.1041648,1.9622785,1.8565979,2.7757268
1.5684171,2.1136622,1.946866,1.845027,2.7961977
1.4750469,2.0842147,2.0602796,2.1101391,3.09002
1.8209981,2.4386775,2.3779008,2.3383658,3.36118
1.7961023,2.4076467,2.312802,2.3528,3.4045708
1.5902958,2.2528746,2.2877564,2.4638553,3.5728002
2.5360725,3.3593957,3.2750127,3.3154094,4.6346693
2.4345157,3.288285,3.2001004,3.2765074,4.59439
2.3036323,3.1339803,3.1615267,3.2824118,4.594792
2.3291376,3.1893175,3.209792,3.2526267,4.5459485
2.3412075,3.1696434,3.1525168,3.1606767,4.3353434
2.1706781,2.8751605,2.8635013,2.911022,4.050642
2.0674994,2.5251703,2.782778,2.7399578,3.9842622
2.2804444,1.9052043,2.3053684,2.3604612,4.590909
2.2697217,1.7891592,1.8225802,1.8331181,4.9170823
2.3061738,1.849443,1.8116224,1.7924206,4.885846
2.3040519,1.8482994,1.8045382,1.821025,4.8324547
2.285906,1.8051952,1.8226501,1.8231943,4.6665173
2.2337112,1.7582169,2.0081036,1.8845822,4.211655
2.3924768,1.8345252,1.8659693,1.7879064,4.5149546
2.3960311,1.8371136,1.7711177,1.7520956,4.4734282
2.3316705,1.7861274,1.7535912,1.7361872,4.479735
2.2396238,1.7338545,1.751408,1.7771329,4.4038134
2.122629,1.7375045,1.757963,1.7930456,4.1386576
2.1157355,1.762027,1.7922684,1.8071158,4.2373147
2.212833,3.0621524,3.1018748,3.145743,4.3457875
2.3310587,3.2169,3.2271981,3.3090189,4.711396
2.3544147,3.2552643,3.2431378,3.322324,4.687761
2.3523502,3.2517784,3.2537827,3.348937,4.6484256
1.5754508,2.0630243,1.6680448,1.5054629,2.40205
1.7735198,2.3371315,2.2239687,2.2977777,3.3467264
1.5769439,2.2790756,2.4345555,2.6202483,3.813548
1.7754053,2.4454508,2.3795364,2.369705,3.3606458
1.7145855,2.3556304,2.2562401,2.2583282,3.1570597
1.5132804,2.1791213,2.1822987,2.1792774,3.1124272
1.5052711,2.1395345,2.1273317,2.1829436,3.1654236
2.3286023,3.1718333,3.197336,3.31117,4.5801163
2.3056893,3.1396794,3.1830306,3.3764608,4.707019
2.3182018,3.1987314,3.273021,3.4417071,4.7517486
2.3265917,3.209792,3.215657,3.275401,4.6289287
2.198762,2.9925206,2.9447012,2.9892051,4.1262174
2.1159263,2.3837104,2.756364,2.774936,3.9007185
2.373372,1.840521,2.1976907,2.387104,4.5566273
2.3870718,1.8116224,1.8547461,1.8564309,4.918346
2.3625033,1.8438041,1.8879074,1.8576128,4.7910333
2.2940886,1.877696,1.836936,1.8258438,4.5190372
2.3186321,1.7589344,1.9950932,1.8078408,4.0891886
2.1383805,1.7714729,1.8509088,1.7510233,4.0970592
2.190349,1.7664573,1.7795309,1.7957343,4.1931386
2.2745614,2.2403615,1.991604,1.9832745,4.2808256
2.191345,2.5598512,2.309019,2.2281466,4.246566
2.088349,2.83005,2.6115024,2.4540482,4.07886
2.20197,3.042891,3.0790226,3.1755364,4.4419603
2.2777522,3.1371803,3.1240137,3.219608,4.561309
2.3572109,3.2016172,3.1933784,3.2737675,4.554779
2.2800245,3.1208754,3.1526134,3.2726822,4.5678883
2.297617,3.1719987,3.1330342,3.05977,4.1933002
1.2817876,1.756539,1.5747412,1.7964727,2.7423234
1.1207262,1.5137385,1.5127395,1.8158336,2.6893334
1.0666038,1.5206214,1.682469,1.7935158,2.674755
1.153752,1.7057537,1.7698927,1.8142416,2.6569407
1.3195715,1.7592946,1.7522719,1.8962417,2.9270523
1.3301891,1.7636267,1.7683785,1.8683894,2.8870282
1.5369349,2.0350087,1.976756,1.9232997,2.8302135
1.5288147,2.113744,2.0371518,1.9812799,3.0771215
1.5622479,2.160161,2.1103466,2.0893838,3.1536274
1.6385721,2.2085705,2.1911476,2.1998537,3.1208136
1.7553211,2.4982166,2.5009618,2.4129765,3.4881272
1.7851127,2.4202914,2.421779,2.2913218,3.1663506
1.5055339,2.1099656,2.0920825,2.1793113,3.1691728
1.4984977,2.1365101,2.1718953,2.1764424,3.0699472
2.3538485,3.2165706,3.3275821,3.425241,4.840024
2.3855166,3.2955322,3.3438728,3.3349288,4.671235
2.3513556,3.2965434,3.3489351,3.2269952,4.410705
2.3336182,3.2216198,3.2168028,3.1009083,4.221998
1.9634179,2.5225668,2.7065356,2.791689,3.9047918
2.3890402,1.8474118,1.8410062,1.8130499,4.604069
2.1537356,1.8990078,1.7449111,1.7794412,4.278715
2.0993643,1.7892379,1.8473502,1.7478174,4.0305595
2.2896714,1.7384275,1.9305898,1.8672042,4.194829
2.2027776,1.7929525,1.7678688,1.7144362,4.4921603
2.1738605,1.7092804,1.6694398,1.6454867,4.0698876
2.1141505,1.7185673,1.6644329,1.660519,4.006745
2.087825,1.7459408,1.7011037,1.6958988,4.0687003
2.0818844,1.8124228,1.7705468,1.7720044,4.014407
2.1006908,1.7957343,1.782771,1.7190928,4.0358067
2.2901354,2.309019,1.8213342,1.9051651,4.094477
2.2061477,2.5644467,2.1575418,2.2067068,4.069725
2.104504,2.8613954,2.60819,2.5201147,3.903053
2.2303548,3.075624,3.091352,3.247789,4.541693
2.2636495,3.1367288,3.2137048,3.3443558,4.6152654
2.352409,3.2052963,3.2030907,3.356721,4.628805
2.398352,3.2219918,3.1991138,3.3590689,4.6820908
2.385771,3.2661996,3.2772074,3.363448,4.5967236
2.04926,2.7815373,2.6005692,2.414897,3.4796765
1.2884579,1.7361938,1.7527105,1.810166,2.664202
1.4868824,2.0106895,1.8796536,1.9365976,2.8672
1.844831,2.401592,2.2390268,2.2207928,3.2437496
1.7495826,2.349201,2.2182431,2.0589716,3.049122
1.4695386,2.0797446,2.0354865,1.9959632,2.891991
1.4953405,2.0638165,2.0802498,2.0423849,2.9355352
1.582571,2.1718953,2.0902584,2.1341774,3.1698499
1.5751538,2.1624281,2.1157398,2.2722867,3.2558734
2.3933287,3.2828212,3.2899663,3.3950868,4.7649345
2.3786442,3.3010478,3.3538644,3.4492152,4.705684
2.4410198,1.851825,1.814648,1.7694622,4.599695
2.4006455,1.8256,1.7768188,1.7069153,4.6406946
2.2741175,1.7496202,1.7362595,1.7057691,4.563546
2.2416463,1.8226371,1.72982,1.6938454,4.504536
2.0873542,1.7422184,1.8880501,1.7408123,4.11514
2.0926704,1.7795826,1.7268839,1.6491278,3.986416
2.1048849,1.7424498,1.7928088,1.7618957,4.0356126
2.1029797,1.7691154,1.7775252,1.8769214,4.095668
2.2058463,2.60819,2.5737474,2.773572,3.9854178
2.2152736,3.015076,2.9881184,3.1312418,4.4233947
2.2305865,3.111977,3.1483772,3.2395847,4.593553
2.336044,3.2419221,3.2677515,3.3754368,4.66228
2.3324783,3.2197647,3.2722628,3.3919475,4.697968
2.385878,3.308923,3.328651,3.3938606,4.6397595
2.4094691,3.272315,3.2816904,3.3025248,4.527721
1.8566991,2.4530704,2.2733283,2.099575,2.892513
1.4436278,1.9948653,1.7985064,1.7427411,2.592055
1.2719272,1.7229565,1.6858734,1.8100863,2.9387305
1.3644238,1.7983067,1.7916881,1.80684,2.78522
1.3162917,1.7963545,1.8073261,1.8975396,2.9040577
1.5438768,2.0581207,1.9740996,1.9395226,3.0081105
1.6677085,2.2742515,2.140516,2.026124,3.0852163
1.537611,2.1220467,1.9924902,1.924504,3.6246996
1.4288152,1.9562656,1.9436883,1.9653698,3.5799167
1.4501003,2.0094469,1.9565915,1.8390872,3.2275708
1.500546,2.127616,2.190558,2.3023064,3.370142
2.493536,3.3519003,3.2747293,3.0217526,4.0115438
2.4885976,3.2731142,3.1308613,2.863284,3.8866835
2.3707442,3.210647,3.0059638,2.7612317,3.8763752
2.2968895,3.051177,2.8218772,2.7244132,3.9025366
2.1244185,2.907457,2.7272322,2.7302651,3.8833234
1.994393,2.7411451,2.7138977,2.8059452,3.9457555
2.3486695,1.7771235,1.7431793,1.7974875,4.711051
2.3025174,1.733004,1.7591683,1.8122369,4.757749
2.040915,1.7910995,1.6916848,1.8188958,4.1826468
2.0297563,1.776903,1.8791896,1.7714372,4.066186
2.0576408,1.6967477,1.7330229,1.7278291,4.3690395
2.200973,3.0507736,2.9669147,3.0006268,4.3364367
2.275402,3.144143,3.1255326,3.2527301,4.6827254
2.352873,3.293329,3.317532,3.4524114,4.743463
2.2823458,3.0857852,2.919556,2.7733402,3.7636027
2.1898334,2.9626207,2.7785766,2.5895104,3.501615
1.6535803,2.2404902,2.1573987,2.1627774,2.9388835
1.6730475,2.1870897,1.9867128,1.8922998,2.6305234
1.5985448,2.1075087,1.8733203,1.8171357,2.687132
1.2060944,1.7223679,1.7653835,1.9578645,3.0740733
1.4066732,1.7782445,1.8096414,1.8728627,3.0693777
1.3605027,1.7615075,1.7799871,1.8160475,2.8847868
1.3196858,1.7450666,1.7557013,1.7721723,2.7904513
1.37743,1.8113731,1.8532983,1.8970007,3.0089884
1.2802843,1.8110492,1.8515013,1.8480959,2.8018486
1.4351603,1.9057609,1.8367395,1.8328242,2.8174224
1.5240656,2.0205495,1.9277918,1.8270751,4.0246096
1.3751379,1.9375207,1.9271401,1.9090453,3.0959113
1.5813655,2.1897013,2.2060227,2.1143446,3.48252
2.3503299,3.1681051,2.890463,2.7612438,3.8464236
2.0171952,2.7294257,2.700802,2.8826149,4.0925083
1.9338174,2.6621306,2.7049866,2.885033,4.0729604
1.9867125,2.740276,2.7158716,2.751427,3.9351807
1.9741939,2.668277,2.6522577,2.6568966,3.7228725
1.9318666,2.6181204,2.5496542,2.6134713,3.7733223
1.9163722,2.5334003,2.5914755,2.7295396,3.8931916
2.3157628,1.8453759,2.099062,2.1679847,4.7109947
2.304084,1.8298017,1.7891841,1.8110745,4.65121
2.2814877,1.7796876,1.7671303,1.7519568,4.5599036
2.217144,1.7945141,1.7328439,1.7766603,4.2426353
2.1211264,1.7290046,1.7780682,1.7558831,4.2660227
2.1235983,1.8188958,1.765302,1.8091241,4.345816
2.1528413,1.7330229,1.7446588,1.7831423,4.4526615
2.0886223,1.7088515,1.766382,1.796425,3.8679087
2.0816793,1.9106976,2.2130349,2.3313398,3.32162
2.3649812,3.2961047,3.2735143,3.2729504,4.659449
2.368134,3.326587,3.36177,3.2878475,4.5705366
2.4196644,3.2944226,3.2305343,3.0845616,4.163539
2.1096377,2.845736,2.6883922,2.521272,3.5029662
1.4258369,1.9660357,1.8873842,2.0467236,3.054866
1.3273171,1.8004913,1.8360226,2.0090024,3.0227437
1.2187067,1.7654555,1.8784118,2.0144787,3.1566465
1.2463837,1.8155929,1.9203907,2.0218523,3.21007
1.3283211,1.6975344,1.754598,1.8167253,2.8739202
1.3836243,1.7694741,1.7847229,1.7861283,2.865688
1.3999989,1.8515013,1.8055263,1.8562667,2.9882448
1.3765289,1.7849191,1.7780612,1.8254995,2.8102014
1.4605627,1.9373828,1.9099846,1.7742672,4.3719106
1.5727652,1.9027016,1.7388486,1.8056291,3.1840172
1.4559224,1.9221196,1.8348376,1.7790613,2.9913049
1.6072748,2.1671119,2.05911,2.0875723,3.3957195
2.2102606,2.935004,2.7298625,2.8401287,4.030409
1.87185,2.5914755,2.7040398,2.8543868,4.021666
2.2573745,1.757409,1.707999,1.7181776,4.2490335
2.0903566,1.7867602,1.9095995,1.7934506,4.0940757
2.0867543,1.796425,1.9590027,2.1924667,3.3420007
2.0549464,2.0007668,2.2235816,2.2739923,3.2038388
2.099663,2.2937133,2.2416527,2.2281668,3.141429
1.82205,2.2356546,2.1600654,2.2545476,3.2125382
1.6504829,2.221219,2.1608682,2.306429,3.293212
1.8947203,2.526441,2.4314108,2.506091,3.5575411
2.0958924,2.780259,2.681714,2.6607933,3.725474
2.3757424,3.1547048,2.969611,2.8852856,4.024222
2.1075778,2.8974047,2.8081963,2.6167092,3.559846
2.0304544,2.7752986,2.5937257,2.4690459,3.4962215
1.7590997,2.4132552,2.3431618,2.393547,3.4495285
1.6966865,2.3937232,2.3855739,2.514036,3.593843
1.517762,2.123281,2.257646,2.4633644,3.6980052
1.5149126,1.9120876,1.9680544,2.022758,3.2438748
1.4146768,1.7319115,1.7700454,1.8137283,3.0622425
1.3578997,1.7320197,1.7818688,1.8016437,2.9327528
1.3783821,1.754598,1.7693657,1.7862977,2.792604
1.4768354,1.8225431,1.9073316,1.8717031,3.3098912
1.6449448,1.7962137,1.9776376,1.987849,3.752538
1.7730289,1.7165127,1.9226618,1.9885484,4.3908405
1.8785913,1.6456592,1.6296523,1.6805519,4.3880315
2.0256164,2.7785869,2.7724307,2.8600357,3.9828324
2.0361202,2.8281012,2.8280382,2.892644,4.074093
1.9556731,2.7441356,2.8150709,2.8968372,4.0957766
2.3548913,1.8015013,1.8003755,1.7471935,4.2464323
2.371124,1.7810534,1.7933666,1.7219055,4.1604304
2.1722012,1.7181776,1.775959,1.7817999,4.276022
2.1650252,1.7771071,1.7297261,1.7411864,4.352482
2.05767,2.1661053,2.2062285,2.2009103,3.1373444
2.3361723,3.1031885,2.815882,2.6625233,3.8406713
2.078817,2.8344088,2.815153,2.9057834,4.0309634
2.0927727,2.8804834,2.8394,2.8260844,3.9748502
2.10676,2.874915,2.7337153,2.6718233,3.7525532
1.7693766,2.3759453,2.353249,2.4503684,3.5056412
1.7080659,2.3527918,2.3705447,2.4167447,3.3917632
1.6061428,2.3063648,2.4626017,2.5623877,3.6461155
1.4940987,2.0112834,2.0952811,2.2857175,3.5226557
1.5175474,1.9891427,2.036042,2.1266809,3.3878236
1.5729971,1.9459432,1.982861,2.0477095,3.169331
1.5070502,1.7967907,1.768906,1.7664434,2.826683
1.5170726,1.7924001,1.7759283,1.8072906,2.9500742
1.5526339,1.7808487,1.8359094,1.874294,3.1035745
2.2035136,1.6725725,1.7575065,1.817975,4.567359
2.1669037,1.6743989,1.6806562,1.7092774,4.7112265
2.0587237,1.8100164,1.64461,1.6688975,4.3105927
2.0103927,2.7746236,2.7910695,2.889717,3.9989512
2.048085,2.8385124,2.8305664,2.917182,4.15593
2.00258,2.7557344,2.7711837,2.8462515,4.026157
1.9564054,2.709035,2.729821,2.8362973,4.0144563
1.9570603,2.7264938,2.722388,2.8676002,4.0009766
2.4011636,2.433135,2.8352287,2.8731315,4.154493
2.173347,1.7351594,1.7582283,1.7798834,4.065473
2.1313224,1.7641696,1.7196847,1.714173,4.5111694
2.1205122,1.7397462,1.7142187,1.7284546,4.480652
2.1429117,1.7411864,1.7312793,1.6603212,4.3177977
2.1648633,1.7474328,1.7111915,1.7558455,4.3605084
1.6860434,2.2062285,2.1251996,2.108254,3.0303006
1.5126812,2.0975606,2.0414362,2.0774715,3.0101876
1.5045885,2.0853086,2.055938,2.1425118,3.05496
1.7429976,2.4002137,2.34854,2.4419284,3.4582634
1.7991232,2.445137,2.3553388,2.4380553,3.4436803
1.9373566,2.6016276,2.4069552,2.4713848,3.4689791
2.0119061,2.6839154,2.5526369,2.5929034,3.6471262
2.0197692,2.755071,2.72919,2.8165338,3.925644
2.03034,2.8300803,2.816303,2.7826154,3.8774025
1.8028545,2.4862278,2.5088956,2.6341221,3.805538
1.6957983,2.1495929,2.2889466,2.3351262,3.602052
1.6337361,2.0087836,2.0253232,2.0769935,3.389662
1.5712986,1.982861,2.0033312,2.062165,3.3271012
1.4998326,1.8097793,1.833755,1.9347773,3.2248452
1.3665397,1.7451144,1.7801714,1.8028003,2.9550996
1.3607776,1.725539,1.7226661,1.8050501,2.923458
1.4194437,1.7395234,1.737294,1.7953645,2.852525
1.5285075,1.8128706,1.8209081,1.8370545,3.0572417
2.3957138,1.6750156,1.9845074,1.9077126,4.286252
2.2079449,1.6837842,1.6605505,1.6603868,4.555322
2.0217285,2.7911515,2.8101015,2.9611301,4.1334205
2.0198054,2.8140645,2.8351314,2.9343874,4.111927
2.0303807,2.7711837,2.741375,2.8511813,4.0474753
1.9736412,2.7301567,2.8112166,2.9436574,4.1601434
2.09455,2.8865235,2.9471188,3.1004934,4.3726296
2.1067307,2.8986173,2.9728315,3.1450217,4.4413657
2.094924,2.9353774,3.0379367,3.230566,4.5017567
2.1510417,1.7492057,1.8808589,2.1927042,3.3745995
2.253588,1.8616625,2.0678456,2.2198572,3.0552092
1.5300516,2.1603422,2.166152,2.2215552,3.2202165
1.6995919,2.340197,2.3230577,2.3785486,3.3838806
1.674144,2.3727756,2.3752131,2.4021306,3.3769507
2.0272088,2.7809584,2.706793,2.643773,3.6419098
1.7966372,2.51202,2.5270252,2.4664893,3.535332
1.7835535,2.5211415,2.5164328,2.562866,3.7073483
1.7806559,2.40419,2.475377,2.5288572,3.6731257
1.5783166,1.9920485,1.9963535,2.0402195,3.3045146
1.6031617,1.9229859,1.9780812,2.055291,3.3857377
1.5612205,1.831493,1.8312454,1.8945005,3.2148454
1.401309,1.739724,1.7809321,1.7653576,2.9742267
1.5467106,1.8116435,1.7952678,1.8737818,3.1307273
1.4877188,1.8136528,1.8109361,1.8795904,3.1770558
2.275212,1.701679,1.7341068,1.6233366,4.4537177
2.3221707,1.6603868,1.6516981,1.6566908,4.4563456
2.0610735,2.8374984,2.8266134,2.9734387,4.1267715
2.1198914,2.9532568,3.203138,3.346299,4.6548233
2.013925,1.7769873,2.0530944,2.4294796,3.8806288
2.1780174,1.7378178,2.106452,2.3361309,4.158191
2.2264755,1.7419105,1.94281,2.2706516,3.6895742
2.1637063,1.8889331,2.1609998,2.2487183,3.147959
1.9865267,2.160123,2.0757287,2.0771167,2.9700294
1.5429692,2.076583,1.9886932,2.1011937,3.0250604
1.4931101,2.0453162,2.0040195,2.1394486,3.0192869
1.4191827,2.0310347,2.0488205,2.1571376,3.108436
1.4710519,2.0354948,2.1096725,2.2088506,3.1307333
1.7163682,2.3230577,2.2834005,2.3191931,3.2789476
1.7005945,2.3539085,2.314874,2.3241713,3.2652762
1.693876,2.3554995,2.30835,2.3205287,3.2582657
1.885255,2.608392,2.5323522,2.5851233,3.7377458
1.8975817,2.5742736,2.5261765,2.624769,3.6833935
1.8351196,2.5164328,2.461872,2.4602046,3.6123548
1.9122044,2.5492105,2.4958975,2.4844093,3.5965307
1.8536271,2.491163,2.453315,2.4591181,3.4843197
1.8258722,2.318824,2.3669174,2.4222553,3.635039
1.4952143,1.8041334,1.7696707,1.8450743,3.182105
1.3772124,1.7493532,1.8017151,1.89793,3.1284218
2.0670028,1.6233366,1.6361815,1.6453608,4.153478
2.2337048,1.6566908,1.6597666,1.6670156,4.0810432
2.1725264,1.6529009,1.6844919,1.6764834,3.9449275
1.9525902,1.7387062,1.643757,1.679142,3.9294848
2.3673284,3.2850006,3.3207767,3.4566197,4.8154874
2.13638,3.0299811,3.0832071,3.2112548,4.451275
2.2180483,3.0579329,3.0791655,3.2143507,4.4771132
2.25604,3.0968854,3.1378691,3.252882,4.5283594
1.939028,2.1495092,2.5374923,2.8777328,4.068379
2.095973,2.130468,2.3763087,2.5137038,3.9211562
2.2276163,2.0142949,2.2183263,2.3727007,3.309879
1.8847739,2.183437,2.0990996,2.1129465,3.0796115
1.400435,2.0092382,2.0463755,2.139877,3.1145623
1.4477093,2.0282013,2.0524125,2.183493,3.1479976
1.4609085,2.0409062,2.0547354,2.1325004,3.0668492
1.6008886,2.23017,2.188042,2.2476735,3.1547258
1.647447,2.2701826,2.2310715,2.2281487,3.1214573
1.8831253,2.5972116,2.5540004,2.6165516,3.7691338
1.7222921,2.3194833,2.2901852,2.266077,3.6017196
1.793577,2.4500751,2.380952,2.3650596,3.617421
1.799709,2.4276223,2.3673697,2.3646963,3.6765587
1.7785518,2.32883,2.3411772,2.4156318,3.5062468
1.710615,2.1932795,2.2625465,2.3751824,3.614644
1.6893616,1.9800714,1.9854937,2.0255544,3.4365623
1.6216234,1.8739916,1.938961,2.0365272,3.417943
1.5518085,1.7652911,1.8283856,2.0140133,3.3926
1.5019217,1.7540188,1.8268135,1.9730194,3.350171
1.5653827,1.8216149,1.6652114,1.5058041,3.9004152
2.1058724,1.6296319,1.7156788,1.744939,3.7200158
2.0968611,1.6844919,1.6247723,1.5415425,3.7503076
1.9618318,1.6785377,1.5961438,1.5665511,3.8672998
1.8359683,1.679142,1.5955409,1.5804433,3.858242
2.394321,3.328791,3.395067,3.453953,4.83901
2.0959737,3.0483325,3.2440271,3.3958645,4.7262244
2.1459832,3.0448472,3.1718223,3.262817,4.544353
2.2235084,3.126982,3.1964548,3.3190458,4.6349716
2.2629004,3.1840198,3.1917112,3.3069913,4.5321436
2.3256543,3.2181451,3.1926978,3.2910397,4.482326
2.2445211,3.1572037,3.246027,3.2929494,4.6279144
1.5872617,2.138886,2.1463935,2.229903,3.1789415
1.459256,2.0990996,2.1484938,2.2189302,3.1800885
1.4169625,1.9797674,2.08056,2.1800582,3.0635562
1.4383221,2.0702481,2.0974092,2.2049277,3.1394448
1.4903361,2.0797446,2.1159415,2.2446191,3.1587598
1.4720713,2.1145413,2.115505,2.2354178,3.1185946
1.6004837,2.2202606,2.1176753,2.117596,3.0772254
1.8260149,2.5715103,2.5985484,2.6522217,3.8925138
1.7633282,2.2671304,2.2191691,2.2882092,3.6631455
1.7745875,2.3317673,2.3264685,2.3897526,3.4975166
1.7765787,2.2562912,2.316021,2.436828,3.6315477
1.6891955,1.9973797,2.0497777,2.1764402,3.6075418
1.6011082,1.9066181,1.99555,2.2290397,3.4014437
1.5537226,1.9498676,1.9179326,1.758025,3.7178946
1.9908097,1.644176,1.8017001,1.5760629,3.5930338
2.098574,1.7243932,1.8369967,1.6414812,3.5392108
2.0761192,1.6760587,1.5879207,1.522436,3.5084584
1.9627091,1.5961438,1.5964342,1.5973942,3.7371523
1.9407557,1.631685,1.5658699,1.6038653,3.8831213
2.4654355,3.4005446,3.37542,3.4363878,4.733556
2.441661,3.3594956,3.336992,3.4654129,4.7860613
2.268684,3.1549535,3.191739,3.2682183,4.513065
2.3098059,3.2207088,3.252353,3.3477921,4.6343946
2.3056486,3.2034314,3.2355335,3.3973045,4.736132
2.3180137,3.1903684,3.238932,3.361468,4.710229
2.3732517,3.246027,3.2061148,3.2766833,4.5367017
2.229962,3.0984194,3.1218472,3.1900728,4.428912
2.1050484,2.896439,2.893769,2.9111845,4.1450806
2.0143073,2.6161919,2.6525035,2.6820598,3.6944442
1.975775,2.4158716,2.329574,2.387331,3.2782907
1.9220299,2.3362248,2.2206125,2.243416,3.1164343
1.767721,2.2397234,2.127932,2.1275892,3.0292993
1.5433084,2.1220462,2.1302938,2.173568,3.1419318
1.4678215,2.0900998,2.1428905,2.2622583,3.2145507
1.5098959,2.119265,2.0837355,2.186166,3.1302593
1.4880937,2.11187,2.0760095,2.1632466,3.085716
1.5279377,2.1662173,2.1957226,2.3249538,3.4088364
1.936412,2.585912,2.606017,2.6319013,3.7914455
1.8167665,2.2506232,2.3036375,2.4090726,3.795462
1.7994537,2.251166,2.27849,2.3795872,3.6822054
1.8123547,2.281128,2.2705588,2.3334408,3.5475175
1.7378376,2.2861738,2.2347379,2.2678852,3.3326776
1.6945895,2.051378,2.0995505,2.2629278,3.5224705
1.6800073,2.0597093,2.1773312,2.2574313,3.2934732
1.7418383,2.1093192,2.234671,2.522185,3.726454
1.7134281,1.9600836,1.9969646,2.4174476,4.1379056
1.7977498,1.7449048,1.728443,1.8105432,3.8324976
1.9281468,1.5682843,1.6531968,1.5556401,3.8745663
1.9231182,1.7410952,1.5697001,1.656444,4.008139
1.8896346,1.5370809,1.5627499,1.5536869,3.5876615
1.8681378,1.5430634,1.6141574,1.5537578,3.663738
1.9297702,1.6038653,1.5705367,1.5205399,3.6076076
2.44518,3.360893,3.3401477,3.3490822,4.623201
2.4867935,3.3647428,3.3517542,3.3953476,4.7094026
2.4019642,3.3526883,3.3556466,3.370666,4.706411
2.320745,3.25185,3.3013108,3.3226676,4.583598
2.3164184,3.265861,3.3158426,3.3297644,4.5127625
2.1404717,2.8919833,2.8238907,2.5243144,3.254477
1.7166364,2.2206125,2.1542985,2.108266,3.039041
1.4884183,2.099668,2.0404544,2.1250832,3.0957277
1.4933038,2.079552,2.0440907,2.1333597,3.1284046
1.5117831,2.1185884,2.1133232,2.2209146,3.2276797
1.4916126,2.115592,2.2089317,2.307013,3.3290498
1.4902288,2.1187708,2.1346042,2.3261857,3.374791
1.5249531,2.1819775,2.2058358,2.3275375,3.326213
1.5333177,2.178896,2.2142825,2.3845549,3.391736
1.502446,2.0896807,2.1935859,2.2641988,3.230243
1.4988042,2.0826607,2.1058462,2.2155814,3.2148893
1.6950854,2.4198456,2.40941,2.4245598,3.344883
1.8637726,2.4546628,2.6331525,2.846562,4.084762
1.7077017,2.2543967,2.2994292,2.3270943,3.6362357
1.6714582,2.2404954,2.2392738,2.2863264,3.5390966
1.8083118,2.322282,2.3178265,2.4490051,3.6347077
1.8437738,2.274958,2.3978586,2.5677218,3.7583416
1.70922,2.1606803,2.2765446,2.4572086,3.4280663
1.6683766,2.1117659,2.1393602,2.1962605,3.1167014
1.7431973,2.2192972,2.3036916,2.297445,3.2688599
1.9716465,1.8105432,1.9761791,2.083432,4.009895
1.9624138,1.5232321,1.5655073,1.512425,3.8861504
1.8067249,1.5532265,1.5369868,1.6395884,4.022071
1.8622059,1.612053,1.6611719,1.5701449,3.7694476
1.8859656,1.5531052,1.506311,1.4730008,3.786002
1.9295053,1.5941617,1.5091075,1.4829104,3.7089906
2.440005,3.3625312,3.315848,3.3879616,4.67858
2.3200023,3.1854525,3.2111707,3.310246,4.6114855
2.3522124,3.281992,3.2574928,3.3193042,4.539929
2.2940705,3.091967,2.791166,2.5490158,3.440731
1.8948023,2.479499,2.2179434,2.118862,2.985111
1.6638684,2.2187474,2.0864809,2.1413925,3.0553818
1.4297454,2.0617676,2.0940602,2.1870635,3.1869247
1.5798296,2.1753206,2.1763515,2.2864707,3.307077
1.5894064,2.2227705,2.2126386,2.3416932,3.357722
1.5119,2.162159,2.2289941,2.3600175,3.32687
1.561917,2.2337253,2.2484226,2.279094,3.222022
1.5039492,2.155694,2.23492,2.4338045,3.4940598
1.7374727,2.3773303,2.3532722,2.5175438,3.678595
1.8956201,2.6724582,2.782415,2.8589816,3.9616463
1.8478916,2.3743532,2.4350314,2.5390134,3.8399777
1.8408141,2.3415995,2.3952386,2.472144,3.7299852
1.8493947,2.3333106,2.3415387,2.4127154,3.715722
1.6047424,2.1548395,2.2137492,2.4712799,3.739832
1.8240668,2.4248383,2.5330403,2.6158752,3.7731032
1.802487,2.3896918,2.5201852,2.542888,3.6089315
1.9846336,2.1640623,2.5049896,2.5132535,3.9006772
2.0194874,1.7385362,1.8629053,1.9937315,4.009023
1.914842,1.5677805,1.590473,1.6290525,3.8445938
1.9814978,1.5242535,1.5521395,1.5071008,4.078632
1.797151,1.506311,1.5065136,1.5477391,3.8366516
2.3967915,3.3055968,3.3094776,3.4324992,4.786297
2.4558496,3.4026086,3.426147,3.517031,4.797804
2.3988008,3.3005817,3.3167615,3.3580852,4.6441574
2.4004865,3.247328,3.2312179,3.251642,4.552265
2.34538,3.2213178,3.2218115,3.1801052,4.446123
2.3254294,3.186163,3.1601224,3.0954666,4.258796
2.3173707,3.187668,3.1675577,3.109237,4.294337
2.232248,3.0620096,2.9192896,2.8833504,3.9548712
1.5281582,2.1319118,2.0333526,2.1417108,3.0571556
1.4839984,2.0400043,2.0669732,2.2126043,3.1795137
1.4750704,2.0741408,2.0789244,2.2340064,3.1767354
1.5595496,2.1700504,2.1720788,2.283096,3.2634792
1.5530051,2.1750264,2.2279334,2.283229,3.248201
1.6224499,2.285768,2.250106,2.2720242,3.2286103
1.6116946,2.2742603,2.2280242,2.3101778,3.3068347
1.6430205,2.2909884,2.2824411,2.320315,3.2483928
1.6909864,2.3153331,2.2708552,2.2052233,3.1626132
1.6650921,2.3786302,2.369148,2.4626253,3.482259
1.7226281,2.4596179,2.5845253,2.6778097,3.8358262
1.908945,2.5185213,2.612799,2.6772785,3.7934816
1.7947373,2.3084738,2.4937074,2.8411622,4.15532
1.7088889,2.3182106,2.5304692,2.8094108,4.1922255
1.5661976,2.2411408,2.3352773,2.4159553,3.3876643
1.7389665,2.3880267,2.3412137,2.3707554,3.4355261
1.934627,1.5377827,1.5459003,1.5786486,3.8874512
1.9445207,1.6739944,1.6574507,1.6178075,3.9113486
1.9449596,1.6113905,1.6289797,1.5909339,3.9196634
1.8533435,1.5477391,1.5544224,1.6364264,3.88856
1.8910586,1.5450988,1.7488108,2.1957672,3.711397
2.3476198,3.248268,3.2441473,3.3926907,4.751318
2.3920557,3.338339,3.3718145,3.4730392,4.8154874
2.482766,3.3914156,3.4164717,3.4896927,4.789905
2.3461096,3.2035644,3.1059923,3.1225216,4.2814465
2.3101127,3.1193476,2.9912288,3.0836048,4.3504567
2.2848542,3.1096003,2.9983582,3.1297956,4.373889
2.0986755,2.8405797,2.859772,2.8701992,3.9919643
1.5264821,2.0822,2.152859,2.275777,3.2563882
1.5112445,2.1351724,2.1703055,2.2538009,3.255782
1.6173083,2.223255,2.1888406,2.3148859,3.2687244
1.6040983,2.2844489,2.2307446,2.2750468,3.246997
1.6399885,2.2812595,2.2388265,2.273374,3.1695921
1.6230328,2.216868,2.2210536,2.2339604,3.1409235
1.6302572,2.2334423,2.1637037,2.1652749,3.102565
1.6800395,2.2708552,2.1277368,2.2103221,3.1163723
1.6278951,2.2117407,2.1749628,2.2297754,3.161603
1.6285722,2.2767813,2.2671127,2.3419461,3.3531735
1.7290604,2.4430654,2.4672766,2.5063252,3.5390294
1.8104935,2.521269,2.5136828,2.5824668,3.6588268
1.9201596,2.6491847,2.6293366,2.7475154,3.8544633
1.9453751,2.6894507,2.6750505,2.7566721,3.9743044
1.762996,2.4786947,2.6752317,2.880938,4.367552
1.6705824,2.3715217,2.503062,2.6594524,3.7983203
1.8725889,1.5233527,1.6274965,1.5783103,3.7984116
2.0331504,1.5320671,1.5869236,1.5150104,4.0804524
1.979426,1.6574507,1.5421607,1.5468545,4.0729866
2.0482655,1.586145,1.6662952,1.7831546,3.7921758
2.4348726,3.4064906,3.3797758,3.4696069,4.8832936
2.4878256,3.4428217,3.4321434,3.5038538,4.886235
2.4130714,3.284635,3.2505107,3.3447282,4.573145
2.3000007,3.1683605,3.19293,3.1761153,4.320836
2.291333,3.091705,3.028855,3.0018175,4.1562753
1.9243623,2.685487,2.6486158,2.6775618,3.6698906
1.5456597,2.1999567,2.2066355,2.1853375,3.0896049
1.5124888,2.148749,2.1794388,2.2722921,3.2150354
1.6226556,2.1975698,2.2352214,2.3521907,3.3057737
1.6028799,2.2241788,2.2222445,2.2905948,3.237915
1.557439,2.1708608,2.15357,2.1832883,3.133312
1.6111456,2.2285464,2.190397,2.2184112,3.1688519
1.6257901,2.2386932,2.2530832,2.3209033,3.3859203
1.6262363,2.3149538,2.3184779,2.4234817,3.4390302
1.6635926,2.3445868,2.3636072,2.4304073,3.4434147
1.740786,2.4159157,2.3827612,2.4718647,3.5155392
2.035993,2.719031,2.6571329,2.6463223,3.7083242
1.8905262,2.609084,2.7443655,2.9216905,4.2851553
1.6571541,2.3315907,2.3485515,2.4008625,3.4410028
1.9213433,1.6067456,1.6812563,1.7187152,3.8676524
2.0464795,1.5150104,1.5271217,1.5702026,3.9977276
1.9273965,1.620886,1.6517735,1.7070103,4.0626574
2.0021324,1.9989358,2.2949777,2.21504,3.579115
2.3835468,3.2459166,3.251677,3.1839962,4.3245544
2.1856136,2.9612017,2.9120169,3.0846896,4.2664075
2.1748893,3.0542784,3.0902221,3.2311442,4.5800767
2.2730672,3.0828552,3.1036959,3.2439146,4.596612
1.5588789,2.214787,2.2393048,2.3327653,3.3194723
1.6064007,2.23231,2.2708693,2.3335457,3.2880173
1.6120616,2.231387,2.2251709,2.283906,3.2592196
1.5620799,2.166865,2.1535375,2.2394166,3.2157772
1.5039272,2.1329525,2.1671865,2.2727087,3.2669985
1.5013672,2.0849743,2.1265855,2.292232,3.2753308
1.5115508,2.1264582,2.0779197,2.1774123,3.1428504
1.7945521,2.4649193,2.4453557,2.4882312,3.5808704
1.7043412,2.329061,2.3437083,2.4625366,3.5297632
1.8521676,2.4968548,2.4250872,2.4154007,3.409713
2.0077822,2.15984,2.5114,2.5796192,3.8513753
1.9466546,1.5094134,1.6168778,1.5563114,3.7710965
1.9680387,1.492313,1.6027647,1.5541948,3.962138
1.7925441,2.4103124,2.3429098,2.3869932,3.4758854
2.4397745,3.4073935,3.3938057,3.438086,4.8163686
2.489304,3.4113395,3.4116201,3.3191655,4.485
2.448401,3.3425114,3.2544525,3.2330356,4.5662293
2.3491051,3.1907406,3.1085572,3.245013,4.54969
2.2831664,3.111919,3.0909507,3.2023258,4.5094404
2.229225,3.0569875,3.015661,3.175606,4.4887433
2.2492895,3.133141,3.1982079,3.2074296,4.4652348
1.879104,2.5923154,2.5219252,2.4738145,3.4322014
1.5699719,2.2251709,2.2138274,2.2353845,3.2114832
1.5130458,2.1671865,2.2174087,2.3446965,3.375411
1.5072174,2.083965,2.1036713,2.200029,3.1468172
1.4650377,2.0867448,2.0978885,2.2299194,3.1990418
1.5204445,2.1220543,2.1219394,2.2140465,3.2237535
1.7161583,2.3561878,2.315496,2.3393936,3.3057976
2.1394212,1.9994844,2.3662765,2.2615833,4.152147
1.9517778,1.5914601,1.6271622,1.6836394,3.5719993
1.938679,1.5563114,1.6040233,1.5888622,3.614144
2.048786,1.5628717,1.6393585,1.7157472,3.7130578
2.271836,3.1448362,3.2817168,3.4201312,4.8512397
2.1774511,2.9885,3.0168552,3.18001,4.482659
1.5483167,2.2165153,2.234205,2.3584933,3.306076
1.6054324,2.2494032,2.2577953,2.3371341,3.3035264
1.5934439,2.2138274,2.2157078,2.2521503,3.296375
1.5539256,2.1358922,2.1664438,2.3582208,3.3635309
1.5966998,2.1918795,2.222651,2.381119,3.355084
1.526358,2.1307392,2.1315703,2.1949022,3.1260836
1.5546751,2.1728215,2.1687572,2.2112298,3.1902816
1.7010918,2.3340933,2.2875695,2.387302,3.4639575
1.7194638,2.4102309,2.44289,2.5446439,3.7168245
1.8489871,2.5033517,2.503633,2.599895,3.7018704
1.9664022,2.4290955,2.5909822,2.6236145,3.783828
2.0152228,2.1403952,2.475814,2.5463378,3.9958737
1.9159279,1.5973907,1.7586452,2.0591733,3.5602837
2.4915056,3.3213224,2.961993,2.4507365,3.2144349
2.3407557,3.250852,3.3721395,3.4064476,4.8471227
2.3793073,3.1751015,3.1155207,3.0708373,4.1927233
1.6035405,2.2767494,2.3476112,2.4218495,3.4099603
1.6011797,2.1966064,2.1679592,2.2696426,3.2241168
1.5963603,2.2765882,2.2944837,2.355334,3.2749767
1.544415,2.148023,2.1129422,2.1895158,3.137503
1.5413767,2.1448572,2.128009,2.1942909,3.1314387
1.57954,2.1880972,2.160538,2.2310169,3.2008727
1.6335824,2.2285962,2.2441204,2.3670423,3.4187388
1.6220515,2.2302687,2.3102145,2.3669984,3.40514
1.756985,2.3332398,2.2606437,2.3467395,3.5080767
2.2092657,2.8874702,3.0106683,3.091861,4.7540455
1.7811819,2.4474082,2.4425642,2.486206,3.5398722
1.8495903,2.503633,2.5118146,2.6103215,3.798094
1.932224,2.5245323,2.539359,2.6599507,3.8354707
1.9072804,2.0066292,2.371654,2.740386,3.9366663
2.1542258,2.794547,2.776418,2.7100072,3.779937
2.3856769,3.2657764,3.2751768,3.2745843,4.5708523
2.2584927,3.0926275,3.0658946,3.0368423,4.235092
2.3208642,3.114356,3.0402174,2.9707658,4.1121616
2.2930021,3.1152928,2.9749846,2.907406,3.9896138
2.1999295,2.9921,2.8501012,2.7788427,3.8764126
2.0631602,2.8094773,2.7285643,2.72976,3.7831142
1.7066594,2.3824503,2.4125211,2.5465043,3.6081452
1.634178,2.2459898,2.2179422,2.2704225,3.189449
1.6166393,2.2299528,2.2119777,2.2787352,3.2043958
1.6101875,2.1793096,2.1715002,2.2946103,3.3145666
1.580505,2.1929734,2.2437,2.3573284,3.400114
1.648784,2.24923,2.270278,2.4108691,3.4352963
1.6691979,2.2874439,2.263883,2.3997295,3.447957
1.6408838,2.2555664,2.2576425,2.3385575,3.2948964
1.596704,2.198771,2.1720574,2.3152275,3.282336
1.4997607,2.0931857,2.1455271,2.2684896,3.2254264
1.5464082,2.1215425,2.1500416,2.3038154,3.3131056
1.5642602,2.1742008,2.1782274,2.33514,3.3902593
1.6536541,2.2889142,2.2847126,2.357408,3.3952053
1.7122349,2.2685072,2.239814,2.3980157,3.520201
2.4992456,3.2041986,3.2046208,3.330776,5.056896
1.8907856,2.4275527,2.4205632,2.6356468,3.838977
1.9304563,2.5013092,2.5327423,2.4248824,3.3367047
1.9433551,2.2027316,2.4321384,2.7136521,4.0720677
2.4644585,3.3649697,3.263616,3.1234903,4.485642
2.3428333,3.1586275,3.0917747,3.085434,4.2710886
2.129796,2.923806,2.8283615,2.8200314,3.9144804
1.861897,2.5837538,2.5365472,2.7149367,3.8871047
1.7260416,2.4092355,2.5350442,2.6937914,3.7457817
1.635103,2.3097723,2.2562976,2.342422,3.2770455
1.6266818,2.251396,2.2130718,2.30237,3.2570946
1.559054,2.1804101,2.1914413,2.2939079,3.239303
1.5664608,2.2029173,2.2253804,2.2872295,3.2624936
1.5815582,2.176151,2.1926196,2.319942,3.284113
1.6159211,2.2523322,2.3036928,2.4561675,3.5225859
1.6123909,2.247459,2.320214,2.4823937,3.4907196
1.6747111,2.3031514,2.3236318,2.3861675,3.3422241
1.6188849,2.2787366,2.2913296,2.3534336,3.3081892
1.5047666,2.146972,2.1828148,2.3008635,3.26341
1.5738542,2.2246282,2.28071,2.4125168,3.452416
1.6928793,2.2623308,2.3650749,2.5515544,3.8028316
2.5820544,3.2726784,3.2597373,3.2865422,5.0251245
2.0402186,2.542332,2.564109,2.6638353,3.8249972
1.8134605,2.4996288,2.5349746,2.5395083,3.5865335
1.8264103,2.5683854,2.5638752,2.4920404,3.394671
1.9234307,2.5010803,2.3398395,2.2391639,3.1794753
1.9537684,2.7779827,2.7992373,2.8252718,3.9910502
2.031911,2.7562206,2.7288988,2.7664952,3.8447204
1.563464,2.1532373,2.2755108,2.419644,3.3785355
2.1556406,2.9345686,2.914037,2.9675667,4.147237
1.8443378,2.5802863,2.61907,2.7831755,3.9088416
1.714822,2.3718164,2.492888,2.5948598,3.755721
1.5758785,2.2130718,2.2586267,2.3711903,3.3793087
1.5745554,2.2398174,2.2368872,2.2910604,3.2583406
1.6678113,2.323795,2.3635783,2.3995264,3.4230657
1.7305697,2.3570144,2.3669748,2.4013627,3.392979
1.6971378,2.3429368,2.3325615,2.370898,3.3835618
1.6839591,2.3236318,2.2957256,2.3533096,3.3842049
1.5445702,2.1851943,2.2654183,2.2695312,3.3688426
1.5953796,2.2636926,2.2827215,2.3723788,3.4323342
2.1308043,2.8145273,2.8781056,2.854264,4.1853814
2.3658514,3.09683,3.0648527,3.028449,4.555904
2.6026566,3.2509499,3.2229106,3.2395563,4.9427757
2.6252825,3.2870195,3.2412224,3.195041,4.896231
1.8805084,2.519969,2.5364728,2.5260706,3.5124545
1.8588973,2.508363,2.235173,2.0236878,2.8923302
1.6357319,2.244946,2.1585972,2.0584142,2.9634898
1.7806896,2.3754945,2.3423758,2.197654,2.9581795
1.805225,2.509978,2.5683036,2.6099846,3.688506
1.5729144,2.2562494,2.3034213,2.4803536,3.4702437
1.6415884,2.2728674,2.2650416,2.3376813,3.3027396
2.177969,2.7762911,2.5000074,2.4676507,3.4973032
2.0949633,2.8943493,2.9146698,3.0112114,4.1790066
1.9646763,2.728502,2.7387285,2.8433454,4.090187
1.939291,2.7072372,2.8579237,2.9400008,4.217356
1.5748396,2.255286,2.327276,2.3939328,3.437464
1.5999581,2.2368872,2.268348,2.3803856,3.4003773
1.5771996,2.2215447,2.2113352,2.31916,3.3777475
1.7091569,2.3580792,2.3116002,2.3826494,3.3986564
1.5851307,2.22372,2.133912,2.1086257,3.8602343
1.6049556,2.2562878,2.1552227,2.1470177,3.859549
1.5885491,2.2461438,2.15962,2.2219293,3.7561445
1.6175864,2.23578,2.2617583,2.3179002,3.3488681
2.3935657,2.9930816,2.9391816,3.1511002,4.856857
2.5776758,3.2085814,3.1817696,3.2399716,4.9246483
2.4642591,3.0621064,3.1254025,3.184285,5.0171037
2.3437128,2.9860976,3.0585918,3.133337,4.933695
2.1947806,2.7958026,2.865761,2.8755295,4.4456477
1.6866441,2.2300193,2.0667114,2.1166914,3.136644
1.8441979,2.3988476,2.134752,2.1384418,3.0555913
1.8790823,2.6011577,2.5989046,2.685833,3.7588444
1.575994,2.2202325,2.2105215,2.306746,3.2614698
1.9268771,2.693054,2.6736436,2.8318298,4.046758
2.0025828,2.777591,2.7603748,2.9257617,4.1769013
2.0772493,2.867115,2.9173915,3.054359,4.248527
2.0660722,2.845174,2.8528216,2.9190643,4.1278796
1.704361,2.3766046,2.4524577,2.673328,4.0264473
1.6604577,2.3861651,2.5921898,2.7452865,3.9953864
1.6842456,2.3065298,2.2913527,2.3168042,3.3708656
1.6423657,2.2624447,2.2142704,2.1628823,3.7670197
1.6781381,2.27675,2.1948552,2.137626,3.8367345
1.8502014,2.2709982,2.1714733,2.1625977,3.4341214
2.1377866,2.6886504,2.8037395,3.0047865,4.6672873
2.4383752,3.1841774,3.2119343,3.2298567,4.9563575
2.3487034,2.865761,2.9272926,2.9354794,4.593061
1.6419132,2.3006847,2.307195,2.2814288,3.3561852
1.5573726,2.159358,2.0986836,2.126368,3.0797338
1.850177,2.4732978,2.3776715,2.4190638,3.543848
1.9376457,2.5818121,2.595112,2.6148376,3.6812923
1.8195016,2.4929543,2.5473182,2.6551535,3.7534819
1.5902272,2.2285485,2.2416706,2.3039086,3.2646148
1.684053,2.2865634,2.2345905,2.2818997,3.2091148
1.8595798,2.4812367,2.3829417,2.3306468,3.2982125
2.1369567,2.8700185,2.7464821,2.7615733,4.0394816
2.1306937,2.9231794,2.8605661,2.9053836,4.161886
2.075055,2.8808758,2.8984265,2.9852087,4.152755
2.0348642,2.756699,2.7775846,2.8174367,3.917762
1.9433832,2.6864476,2.6979003,2.8108633,3.9867213
2.0705235,2.8528216,2.8782208,2.8208022,3.9333243
1.8249443,2.6279058,2.7295463,2.7221334,3.835286
1.9229084,2.137403,2.0824175,2.0483325,3.3976731
2.1811585,2.8750274,2.9078228,3.0632272,4.7392898
2.5484827,3.2088554,3.186285,3.1951473,4.9230876
2.5375957,3.1713576,3.1425622,3.1664603,4.9434915
2.5743237,3.108626,3.1173358,3.1896844,4.9867983
2.6656,3.150136,3.1636517,3.117271,4.8701205
2.1820514,2.7177243,2.8410542,2.868152,4.444182
1.5065138,2.123165,2.1674585,2.187259,3.0867841
1.4726915,2.059416,2.0559082,2.157238,3.117166
1.8040191,2.4563859,2.3083625,2.252022,3.2286103
1.6895765,2.2965293,2.3533542,2.4492953,3.413703
1.718688,2.3123343,2.2301874,2.309456,3.2866678
1.8923727,2.512398,2.4369397,2.426839,3.432254
2.0304759,2.7304566,2.6144924,2.573214,3.7359807
2.0951152,2.8311343,2.768606,2.743371,3.9477813
2.0147488,2.7680547,2.779719,2.8324747,4.0265856
2.0941567,2.8541539,2.7909994,2.7616935,3.7835786
1.8869951,2.6366882,2.6531157,2.7096357,3.9166288
1.9359488,2.5344486,2.6647766,2.8169174,4.018967
1.7545007,2.3987052,2.5487757,2.6554685,3.704244
1.6884725,2.2956848,2.3884337,2.4631548,3.462936
1.6781498,2.1258044,2.1265128,2.114721,3.365984
1.8364785,2.1391792,2.138709,2.0342317,3.3831227
1.8775285,2.0772424,2.0723896,2.051349,3.539724
1.7959408,2.0685372,1.9577056,1.9913849,3.3452818
2.647147,3.1555939,3.1578052,3.1947265,5.000079
2.6388881,3.1705587,3.118231,3.158153,4.93165
2.6049778,3.1410038,3.1269493,3.2046518,4.9249434
2.3071423,2.8410542,2.9665573,3.027288,4.7628794
1.5401882,2.0940464,2.0867975,2.2114522,3.1973288
1.4862925,2.0559082,2.091375,2.2444766,3.2071862
1.881102,2.5943146,2.5728402,2.6390452,3.6493201
1.7072016,2.452246,2.5198033,2.5507364,3.6106853
1.6243343,2.3533542,2.41682,2.4589696,3.492139
2.0746744,2.8306997,2.735178,2.7410817,3.8675354
1.98765,2.779719,2.7838285,2.8223484,3.9306002
1.9532672,2.6491857,2.4315395,2.2435758,3.3694527
1.7742338,2.4985979,2.49776,2.55741,3.7289786
2.0320754,2.7670004,2.6767337,2.6404963,3.7768357
2.048689,2.802434,2.7450838,2.7783067,4.005725
2.0843928,2.7720149,2.8362966,2.9117038,4.126586
1.7188755,1.9794436,1.9700047,1.9873745,3.3559003
1.6730297,1.9659501,1.9705638,1.9899832,3.395901
1.6257935,1.9999663,1.9792944,1.987099,3.3383858
2.507254,3.1093805,3.1230898,3.157705,4.8399224
2.5957289,3.1429925,3.1469126,3.1474092,4.8532114
2.6422136,3.1796021,3.165143,3.1790338,4.9557652
2.592271,3.1092155,3.1689847,3.208622,4.941529
2.584818,3.1209362,3.161186,3.1677778,4.917412
2.22807,2.8340526,2.9388,3.0092044,4.608681
1.5943983,2.2121148,2.2321217,2.3141236,3.2866337
1.5186758,2.1245506,2.1420653,2.1931539,3.1315806
1.7136024,2.284945,2.282715,2.2809079,3.2282283
1.8631696,2.5680065,2.5349786,2.597455,3.6412642
1.8873203,2.5836608,2.54178,2.6082177,3.6555674
1.6608487,2.3220515,2.4054048,2.5626223,3.589962
1.6446006,2.2971437,2.397828,2.3795443,3.3623939
2.04887,2.7837403,2.7074847,2.7281816,3.9295142
1.9399917,2.6263385,2.5200841,2.3571546,3.5390997
1.893818,2.5659187,2.3455265,2.1626596,3.191459
1.8254012,2.465789,2.2077718,1.9574392,3.1910849
1.8344189,2.5054948,2.382001,2.3717318,3.5029118
1.8820176,2.5525906,2.4828525,2.550465,3.6111763
1.8696872,2.5353045,2.4502301,2.5178623,3.4825127
1.9731965,2.5977232,2.529636,2.5093913,3.5477698
2.0314739,2.714725,2.6401155,2.6302912,3.7715507
2.0531232,2.7878878,2.844628,2.9592338,4.1976776
1.6898351,2.2451627,2.3286412,2.48013,3.3868968
1.6210482,1.832995,1.7483778,1.6834534,2.6912
1.7180389,1.9832435,1.9758276,2.0680523,3.3874402
1.6907351,1.9705638,1.9684415,1.983254,3.4625454
2.227785,2.8335881,2.8441942,2.8840265,4.460562
2.6014936,3.1271896,3.0825853,3.112789,4.8024817
2.6651165,3.1610236,3.1258729,3.1703117,4.97586
2.6039116,3.1677778,3.1368525,3.2087834,5.0115833
1.5242895,2.1293392,2.0947552,2.1680834,3.110936
1.5780007,2.2294366,2.2148223,2.293856,3.3080013
1.8104246,2.5218885,2.5275815,2.646813,3.764845
1.8192502,2.5338356,2.528163,2.6219838,3.6815815
1.665905,2.2991896,2.3030818,2.4123914,3.4169474
1.7073474,2.3643029,2.3441248,2.4541464,3.4804418
1.8016683,2.4419413,2.36099,2.4375274,3.4287412
1.9877255,2.7707894,2.8151882,2.9099326,4.1553383
1.706069,2.4233742,2.4995847,2.6507397,3.7565908
1.8225485,2.479953,2.4426346,2.6478486,3.8105083
2.0107574,2.680465,2.6554267,2.7629979,3.9030209
1.3912176,2.0622327,2.1151228,2.0251362,2.7415307
1.337114,1.7646704,1.7028154,1.7463275,2.6226685
1.7110312,1.9789996,2.0073357,1.964393,3.3920224
1.7049946,1.9939946,1.9821965,1.911746,3.364449
2.5104628,3.0345554,3.0477874,3.104489,4.824195
2.5666506,3.1368525,3.1770499,3.2410924,5.0188513
2.5837526,3.1597223,3.1798515,3.2084165,5.006476
2.4437048,3.0632873,3.1584744,3.2059402,5.0379167
1.593903,2.217574,2.1626742,2.178891,3.1535556
1.4842025,2.041418,2.0120316,2.1133368,3.0456033
1.5502692,2.1388457,2.139429,2.147796,3.0895624
1.6058815,2.1986387,2.167513,2.2166042,3.157124
1.8112372,2.552791,2.5653884,2.6315703,3.671054
1.8363378,2.5499136,2.541929,2.5888684,3.5907552
1.8478765,2.5505142,2.5562003,2.6173115,3.644711
1.7955217,2.476866,2.532931,2.635738,3.7551365
1.6545639,2.3074605,2.3994887,2.542854,3.580809
1.656372,2.2976727,2.3546133,2.4760935,3.4862177
2.0064116,2.7627995,2.7320795,2.8486245,4.2030187
2.039587,2.816188,2.87105,2.8750772,4.2356815
1.7757009,2.254117,2.3929143,2.3347046,3.746431
1.6164386,2.0530832,2.0040874,2.0568142,3.225633
1.7425143,2.234578,2.2264495,2.255268,3.353386
1.7701615,2.5076175,2.5953538,2.738549,3.9787254
1.7467637,2.5063875,2.6467593,2.8279393,4.0818152
1.5439067,1.9424778,1.91853,1.9329859,3.3918955
1.6991955,1.9333031,1.8703982,1.8919493,3.18299
1.7166784,1.9142765,1.8717328,1.8902779,3.170198
1.7317086,2.04137,1.9505302,1.9682126,3.3252816
1.9398067,2.4173384,2.4633062,2.7538695,4.319975
2.241395,2.9216094,3.0093184,3.103321,4.8113823
2.5061684,3.0660388,3.0882714,3.1269326,4.8878617
2.5699613,3.1428866,3.1073878,3.1269448,4.9715037
2.6092668,3.1228979,3.1128922,3.1520367,4.97308
2.6571841,3.2180421,3.1833503,3.2422614,5.0412917
2.6280255,3.1799433,3.1501598,3.2320354,4.9804516
2.5956395,3.1585076,3.1723654,3.1295085,4.8057775
1.5600783,2.1427708,2.1607432,2.2588508,3.3612077
1.483584,2.073735,2.0420773,2.144706,3.1194963
1.8503509,2.530239,2.5195277,2.605735,3.6339917
1.8612976,2.541929,2.4968534,2.5761623,3.6368296
1.7671728,2.4271836,2.513318,2.6210315,3.6584103
1.7256074,2.3483973,2.287589,2.3762817,3.4277825
1.7311105,2.414598,2.3949037,2.3748205,3.4079926
2.0307448,2.755479,2.6948922,2.7606654,4.006754
1.9951261,2.6247988,2.6889894,2.6661134,3.9327998
1.6032776,1.9263928,1.9451505,1.9634397,3.203116
1.6208726,2.043741,1.976892,2.0258849,3.123961
1.9208415,2.6225924,2.681524,2.8231025,4.0264726
1.9007661,2.657844,2.7281294,2.890173,4.07154
1.8878335,2.7049727,2.8065326,2.9585319,4.2957354
2.0325744,2.808928,2.8307443,2.9890926,4.2874613
2.129786,2.866316,2.8659494,3.0168047,4.3625245
2.1195335,2.8856103,2.8833573,3.0188591,4.306801
2.0741847,2.7992308,2.817413,2.8387544,3.9524422
1.6522353,1.8522217,1.8424551,1.8557198,3.1101627
1.6515852,1.8771789,1.8747842,1.8824681,3.1613572
1.6184379,1.9682126,1.8975414,1.8743572,3.1484835
2.2208736,2.8521457,2.952215,3.0846548,4.7550898
2.4654427,3.0467117,3.0588021,3.1367037,4.896918
2.5118265,3.0920746,3.0943775,3.144106,4.833392
2.5884683,3.1597617,3.2201526,3.1844957,4.933396
2.3734915,2.9297018,3.001313,3.0398388,4.7979856
1.5023353,2.1417863,2.2047975,2.2756402,3.2839477
1.5326266,2.0916166,2.058243,2.077768,3.0059392
1.8655015,2.5183372,2.5442636,2.6393878,3.7090251
1.8365655,2.582743,2.5609167,2.6434796,3.7094057
1.8500973,2.5139,2.5859451,2.6310074,3.7553132
1.706477,2.3073068,2.3472483,2.4833121,3.5010264
1.7094693,2.332468,2.3023098,2.436887,3.4712262
1.9087601,2.3384118,2.4475236,2.5710883,3.853467
1.6704787,2.1503367,2.1405523,2.261643,3.4191523
1.7529314,2.3833616,2.3845654,2.48167,3.681581
2.1235726,2.893573,2.9379325,3.0366511,4.290084
2.0889049,2.817413,2.8312907,2.780064,3.8864646
1.5666449,1.8244538,1.8232335,1.8916699,3.1477997
1.6054981,1.8323779,1.8181762,1.8429824,2.9731467
1.7271804,2.0986688,1.968128,2.0362878,3.228604
2.5410726,3.093384,3.0939543,3.1518898,4.92148
2.5307784,3.1075544,3.1231182,3.1683645,4.9478803
2.513803,3.1160762,3.152677,3.1589534,4.8956003
2.5618985,3.1187813,3.138679,3.109394,4.87018
2.6180794,3.0987697,3.0938241,3.06923,4.817276
2.6069098,3.122249,3.0782816,3.0931847,4.827268
2.6542792,3.193902,3.1465504,3.2079184,4.9734535
1.4544644,2.0001216,1.9547626,2.0550108,2.9786718
1.8221419,2.5202043,2.5219579,2.636617,3.7089086
1.7860445,2.5137336,2.5213666,2.6743627,3.7599308
1.7431138,2.4192743,2.3960917,2.4538367,3.4686553
1.8434618,2.2784066,2.3957238,2.6436782,3.80542
1.7321618,2.0977893,2.231569,2.4294171,3.6072738
1.6338867,2.180698,2.145646,2.2997732,3.4516268
1.7703986,2.4099293,2.3891828,2.4514906,3.5950236
2.0570858,2.812577,2.7624512,2.7727985,3.9393191
2.0915813,2.8684223,2.8463626,2.8888218,4.1399083
2.1187832,2.9004862,2.8896477,2.9816966,4.390148
2.2085583,2.9425685,2.9602396,3.1126494,4.4246244
1.4066808,1.9951938,1.9964157,2.0251904,2.800124
1.6273992,1.8646499,1.8528922,1.9047854,3.0771096
1.5222487,1.8425978,1.8380568,1.8953463,2.9926543
1.5570807,1.7919041,1.7832729,1.885543,3.2325141
1.6307533,1.987302,1.9528109,2.0860636,3.4652245
1.774429,2.4132586,2.4928265,2.7823746,4.1381173
2.043466,2.6959708,2.7730813,2.9661222,4.4923234
2.3115768,2.9243104,2.9962766,3.1007264,4.7905164
2.5569499,3.075677,3.0686388,3.164947,4.93054
2.5505989,3.1628447,3.1733463,3.1898074,4.9136043
2.377059,2.9492826,3.0441651,3.078915,4.8267274
1.4147213,1.9547626,1.9830765,2.0419345,2.9906895
1.8540096,2.5232308,2.5476482,2.6835792,3.8110585
1.8782601,2.5972323,2.6278539,2.6845472,3.7208304
1.8012214,2.504049,2.5586944,2.7115726,3.7680826
1.7848908,2.4429796,2.4864743,2.637881,3.7507238
1.7081971,2.3190844,2.3313427,2.4489558,3.4357092
1.6637701,2.0872543,2.2667246,2.498606,3.649745
1.9141747,2.5728657,2.4582648,2.3857777,3.5555556
2.2218323,2.9602396,3.0064075,3.090609,4.4525304
2.0251825,2.7849975,2.803623,2.904533,4.295434
1.7250367,2.4205556,2.4504,2.5312634,3.7718
1.3981863,1.9678885,2.1438885,2.3045266,3.0976987
1.309684,1.7636117,1.8646272,1.9684108,2.8010352
1.4646908,1.8280826,1.8213323,1.8597585,2.842444
1.5001533,1.8480233,1.854145,1.9186494,2.9851167
1.5175515,1.8463018,1.8439932,1.9066507,2.9488406
1.5076168,1.7992965,1.7967099,1.8338255,3.0327868
1.46853,1.8138415,1.825113,1.9483196,3.2947574
1.5695206,1.9805771,2.016449,2.1640148,3.6005433
2.4570947,3.022346,2.9812589,2.9909284,4.595939
2.5812976,3.1591883,3.164264,3.1475189,4.959263
2.6216109,3.1898074,3.118353,3.1487818,4.902772
1.4838699,2.0504508,2.1195204,2.247334,3.2534888
1.419016,1.9837958,2.0397718,2.1095397,2.9880645
1.452293,1.9992086,1.9720391,2.0678709,2.9870121
1.8546147,2.5895655,2.5983088,2.7453265,3.8355174
1.8684012,2.5586944,2.616543,2.7190008,3.7658007
1.7260764,2.361723,2.4016757,2.5264492,3.5621874
1.7389892,2.1957016,2.1486375,2.215414,3.3266368
1.7661783,2.2934828,2.1661844,2.1866252,3.33532
1.843377,2.527653,2.4322023,2.5097485,3.6160886
1.919131,2.6258311,2.565917,2.5999372,3.6233118
2.256699,3.0208437,2.9674222,3.0076077,4.3395805
2.2376323,2.9869747,2.9745424,2.9850914,4.304003
1.7007294,2.4760373,2.674458,2.7229073,3.940068
1.4139094,1.7714056,1.8243874,1.9295604,2.794722
1.4346333,1.7967099,1.865918,2.0810924,3.5928807
1.8112334,2.3093739,2.4614806,2.8630872,4.443952
2.4815764,3.071479,3.0366983,3.0922418,4.781773
2.5543907,3.1043618,3.089751,3.0712097,4.8089504
2.518849,3.0849385,3.0777905,3.084256,4.8006463
2.5474367,3.139848,3.1089988,3.0781112,4.8486605
2.4992537,3.0598521,3.0351486,3.056598,4.8209233
2.142379,2.813117,2.9739168,2.9782517,4.712492
1.9667237,2.657735,2.7582395,2.7696643,4.361314
1.4442259,2.0073843,2.018417,2.102227,3.0870965
1.412701,1.9718298,2.017603,2.0737898,2.9752796
1.8373934,2.5691566,2.6273177,2.7266645,3.8400307
1.8697883,2.6352184,2.6418188,2.6346197,3.6797333
1.87723,2.5937302,2.6109219,2.6503863,3.7261486
1.7181282,2.4123476,2.4847674,2.610294,3.7272406
1.7167896,2.3502836,2.332415,2.4666512,3.5082312
1.8537159,2.4758384,2.591189,2.5445783,3.677533
1.7086135,2.2718058,2.3992305,2.3124232,3.4723787
1.6482601,2.1570008,2.2164881,2.0782228,3.2344818
1.9680628,2.6515274,2.484582,2.456619,3.4851751
2.0052028,2.7076762,2.5550153,2.485582,3.5774953
2.2625527,2.9661276,2.9070864,3.0406194,4.4427857
2.2770276,2.9539297,2.94295,3.1253476,4.5733457
2.0123262,2.674458,2.8058648,2.9312825,4.302957
1.3626571,1.8394486,1.9083222,2.1259227,3.0030048
1.4840996,1.8557683,1.9207466,2.1326847,3.4064066
1.492735,1.8446085,1.9188043,2.0812752,3.3511264
1.7173926,2.3036296,2.7497756,3.3172333,4.8802576
1.9903245,2.7168536,2.963637,3.0859783,4.735066
2.2904258,2.930169,2.9147892,2.8413186,4.2532325
2.4187927,2.972721,2.9440086,2.973045,4.64333
2.4559813,3.0015805,2.9778914,2.9934647,4.6508956
2.5130675,3.053831,3.0290313,3.0172462,4.737246
2.5902932,3.1088948,3.0639374,3.077524,4.8444047
1.4344618,2.0285373,2.0923297,2.2175014,3.1320632
1.4693209,2.0669243,2.0678246,2.1787763,3.1615787
1.8993418,2.6539285,2.5675104,2.5995858,3.6405547
1.8937097,2.6273804,2.5407336,2.6076245,3.6539118
1.8673869,2.5818617,2.5654643,2.6327229,3.6456788
1.7335745,2.3890994,2.4289427,2.5023088,3.4764407
1.6943703,2.3421922,2.367167,2.486756,3.5259666
1.7255385,2.3389184,2.3636825,2.4462862,3.466681
1.7724618,2.3571043,2.2869852,2.2980855,3.3394232
1.7690545,2.319608,2.2942445,2.5033069,3.7775698
2.196739,2.9822204,3.07951,3.1301558,4.6060658
1.5030302,2.1810822,2.478111,2.7588124,3.9598577
1.3796476,1.8862333,2.0962386,2.322966,3.1670885
1.436292,1.9240109,2.0497189,2.218561,3.3375802
1.4807096,1.9814633,2.0745893,2.2331357,3.7349317
1.5005611,1.9809732,2.1263351,2.4187062,4.0008883
1.9173614,2.572853,3.0425556,3.336677,4.7837133
2.1333668,2.9940379,3.2486544,3.2420888,4.6443753
2.2896159,3.019961,3.0720212,3.034256,4.6193404
2.4833136,3.0171902,3.0029652,2.947847,4.63599
2.410665,2.9282773,2.9228854,2.9865828,4.682238
2.4510748,2.9473171,2.9612725,3.008653,4.6771307
2.4688237,2.9893,2.9639819,3.042418,4.8433943
2.5124981,3.018506,3.0148187,3.1409492,4.9719214
2.5397582,3.0499315,3.0757425,3.1404948,4.9161096
1.903657,2.6461105,2.6610138,2.7578998,3.8747983
1.9554086,2.6934245,2.7001982,2.7668993,3.8465037
1.8975652,2.613177,2.6433785,2.678107,3.7502804
1.9058986,2.5813937,2.5667398,2.6200256,3.675531
1.8516902,2.5364604,2.5128205,2.6081824,3.6874595
1.831541,2.5654643,2.544538,2.6455986,3.6470735
1.810911,2.5290167,2.589254,2.685741,3.7421026
1.7687975,2.4289427,2.4323912,2.5306206,3.524928
1.7109455,2.3441348,2.3654358,2.4833503,3.4740963
1.732274,2.3578346,2.3109403,2.3874476,3.4049532
1.7916305,2.4026096,2.2847986,2.3267817,3.308215
1.7969345,2.388314,2.3400798,2.383965,3.535403
1.7377651,2.2869852,2.2584407,2.285633,3.3270457
1.6330042,2.0361009,2.0778835,2.0998983,3.0513167
1.5717131,1.9512255,1.9607333,2.1642618,3.3685837
2.3267848,3.07951,3.0412147,3.1162682,4.470404
1.5464876,2.3307204,2.6590626,2.6995602,3.9960296
1.5178947,2.159656,2.4077308,2.4826388,3.3026338
1.5821115,2.099187,2.1753724,2.307173,3.4086473
1.6676168,2.0964026,2.1770828,2.4682121,3.8251362
2.1602025,2.6449218,2.6092427,2.7127697,4.304256
2.4186602,2.925959,2.9454994,3.0071826,4.668374
2.4363644,2.9612725,2.9677863,2.9800804,4.657324
2.4988787,3.0523329,3.093061,3.135463,4.8701525
2.3494728,2.976216,3.016693,3.1366146,4.823375
2.1552458,2.7432618,2.9150126,3.0265982,4.6681304
1.5179688,2.108125,2.1683726,2.306828,3.2950501
1.9509971,2.690048,2.6908708,2.7343757,3.8365989
1.8756675,2.6233118,2.6037683,2.6616645,3.706823
1.8296071,2.5303915,2.542333,2.6126668,3.6504784
1.8581314,2.589254,2.5876868,2.6159048,3.6266556
1.7510769,2.400948,2.454396,2.5188675,3.5819933
1.7247472,2.3832674,2.3950016,2.4712145,3.449014
1.741591,2.378742,2.349761,2.3949986,3.4061048
1.5645282,2.0068142,2.0949268,2.099517,3.0298152
1.7559595,2.2964952,2.3737967,2.589666,3.9505644
1.9413157,2.6731355,2.7919004,2.7940552,3.8986642
1.8520494,2.5958345,2.6574697,2.7635071,3.854724
2.1110961,2.8981996,2.9633138,3.1521182,4.544478
2.2545748,3.0036867,3.0433297,3.19503,4.540184
2.3421056,3.0625901,3.0595243,3.206472,4.607841
2.3709867,3.0858219,3.0748186,3.198055,4.6064105
2.3198023,3.0666902,3.1075995,3.217626,4.5954185
1.9239869,2.4208512,2.7261415,2.9912238,4.58007
2.4124217,3.284277,3.3026156,3.1822605,4.7065926
2.3354967,2.9489093,2.9416692,3.076183,4.741796
2.1617234,2.7006767,2.8198647,2.909768,4.5803614
2.2207382,2.8101463,2.8258517,2.9310167,4.552809
2.3799224,2.9081373,2.9327757,3.0114186,4.6468606
2.470168,3.036687,3.0415902,3.10647,4.8430495
2.5372305,3.0611796,3.047444,3.1176002,4.8935075
2.5019975,3.0148203,3.045747,3.0934606,4.79884
2.610677,3.1362202,3.133268,3.12882,4.78387
2.111102,2.743065,2.8971908,2.969455,4.586999
1.5221971,2.1397939,2.2070835,2.259421,3.2428262
1.9452138,2.662297,2.6385057,2.6870544,3.7487783
1.897347,2.6428747,2.6154487,2.6614401,3.7106318
1.8892273,2.6037683,2.569588,2.6488175,3.6776807
1.8556225,2.5791118,2.519035,2.439056,3.3338041
1.8352047,2.4236488,2.4059198,2.394878,3.5198276
2.3169038,3.151178,3.1848443,3.233351,4.668738
1.6665624,2.5432284,2.9128528,3.1849785,4.6322646
2.354079,3.0583413,2.9798295,2.83603,4.287317
2.463551,3.1847444,2.9870682,2.8042958,4.123707
2.5186794,3.2679186,3.0288253,2.7859564,4.1791744
2.2177906,2.998385,2.9673753,2.954827,4.66032
2.189342,2.7874537,2.8727765,2.9360216,4.5706944
2.3890266,2.934327,2.9224734,2.933412,4.5274367
2.533817,3.06947,3.046352,3.0616012,4.797507
2.477515,3.0328414,3.0768986,3.109404,4.8372316
2.5140164,3.0694973,3.0698385,3.088932,4.7908187
2.535968,3.1020117,3.0617027,3.1432297,4.877329
2.5845723,3.133268,3.0801208,3.1408987,4.8918066
2.607254,3.1298835,3.1042585,3.1495624,4.8472867
2.572705,3.149629,3.1288083,3.1733477,4.8089743
1.9148351,2.6373823,2.5911438,2.6295707,3.6796405
1.9095681,2.6318467,2.6071546,2.6177647,3.6588628
1.8294756,2.5233438,2.4982512,2.392133,3.2741213
1.8150758,2.505669,2.472802,2.2861795,3.184391
1.7962428,2.4975681,2.4093006,2.3591516,3.3751304
1.7275563,2.3687224,2.382353,2.4309154,3.5713844
1.6021806,2.1948104,2.229892,2.4401844,3.500803
1.5428615,2.1035857,2.2801056,2.4676921,3.5518298
1.9996449,2.824951,2.822616,3.0848935,4.408573
2.348248,3.2110553,3.2988634,3.3655927,4.7614465
2.415163,3.1848443,3.132239,3.2534583,4.720727
2.394775,3.1414218,3.2094223,3.251993,4.72982
2.3387005,2.9561517,2.8571892,2.760173,4.3098836
2.298825,2.8674223,2.6791432,2.6976192,4.3114767
2.3617363,2.9802694,2.9378235,2.9540343,4.5838084
2.3972628,2.9889078,2.9633567,2.9054234,4.5124345
2.3598258,2.9206824,2.8721418,2.756867,4.305482
2.3570778,2.8788354,2.8285809,2.7888155,4.4308357
2.346665,2.9224734,2.8658314,2.76135,4.16313
2.4509337,2.965173,2.8920186,2.902012,4.3358755
2.4881632,3.0620134,3.0529146,3.035257,4.7087436
2.516007,3.132816,3.1284626,3.1056314,4.770956
2.256649,2.8849823,3.0036433,3.0229564,4.6982017
2.0079634,2.6436946,2.7884343,2.7988935,4.322189
1.8831549,2.5806456,2.5215611,2.4419694,3.3386014
1.8422858,2.502467,2.3657043,2.2612236,3.179506
1.8085116,2.465135,2.2772014,2.1864288,3.1491659
1.7200861,2.3379266,2.2367287,2.2602634,3.190867
1.7529224,2.3609695,2.299126,2.333398,3.3741138
1.6657621,2.3560278,2.4129148,2.5555532,3.7171936
1.6750754,2.3217509,2.424837,2.656508,3.8565712
1.6185668,2.2966802,2.4166906,2.7270358,3.974343
1.5807456,2.12262,2.2709558,2.5255017,3.5132725
1.9017746,2.6006987,2.6324613,2.7374208,4.111698
2.3745039,3.246619,3.2170982,3.2250352,4.641517
2.2872555,3.0515816,3.0916276,3.2041473,4.762458
2.2872233,2.9577756,2.831018,2.8330724,4.4871984
2.2809315,2.8102753,2.727359,2.7199562,4.2980027
2.2724168,2.8174207,2.7885573,2.7546873,4.3668895
2.3136454,2.8166378,2.843227,2.953261,4.737007
2.2455864,2.7676294,2.825465,2.918121,4.6511183
2.2140484,2.7258294,2.7529452,2.8996427,4.5685153
2.3079295,2.8046691,2.7304997,2.6590464,3.8827798
2.324395,2.8449028,2.7771072,2.5841103,3.7090347
2.515241,3.0187256,2.9760406,2.9092605,4.512192
2.5373178,3.0446572,2.9868624,2.9835238,4.5877337
2.4779005,3.031197,2.9761922,3.013427,4.7341256
2.5824513,3.1072743,3.0702686,3.1383274,4.878275
1.8391998,2.5090215,2.3912094,2.2231338,3.1216297
1.818519,2.4780374,2.3370795,2.2042499,3.106864
1.6539118,2.2869196,2.2574918,2.3663352,3.4797003
1.7507461,2.3768845,2.335227,2.583764,3.861209
1.6930369,2.4003596,2.583664,2.6063037,3.6740282
1.6865301,2.3351488,2.4570742,2.5946426,3.7286649
2.0107048,2.6788669,2.67156,2.7644122,3.990119
2.0456316,2.792371,2.764154,2.9023273,4.1872096
2.317319,2.9537637,2.8720708,2.7669637,4.2599664
2.2651234,2.7703025,2.697978,2.5911112,4.032576
2.1551788,2.6129224,2.562847,2.454861,3.7723222
2.1541789,2.634922,2.5550594,2.4731922,3.8183217
2.2186325,2.6598048,2.595483,2.5073264,3.9218135
2.37055,2.791901,2.738668,2.7360964,4.307635
2.268519,2.7415276,2.618913,2.5678957,4.152812
2.2557411,2.6602721,2.5899863,2.5457315,4.036481
2.3414433,2.8952043,2.9224155,2.9658237,4.734411
2.1438947,2.7391016,2.7712243,2.9126735,4.621422
2.3997285,2.8892782,2.814655,2.7939198,4.3298297
2.498412,3.0498307,3.0304723,3.1466722,4.869324
2.5130324,3.0702686,3.1208239,3.1615815,4.819411
2.5112212,3.0733185,3.1280262,3.1468093,4.7439322
2.4803033,3.0896091,3.1009052,3.1271195,4.820673
2.4718153,3.028708,3.0615408,3.0988955,4.7995906
2.0949461,2.697337,2.807845,2.8781936,4.434968
1.5793395,2.1624565,2.103133,2.2048903,3.1214573
1.5962057,2.2565286,2.3063123,2.4095256,3.5434713
1.943059,2.8429713,2.964025,3.0042422,4.3638473
1.997554,2.9474232,3.0669222,3.1043835,4.4001403
1.9957258,2.8079536,2.884884,2.8876042,4.015774
1.792586,2.430476,2.5132012,2.652517,3.8732445
1.7994471,2.5572577,2.5862446,2.6541233,3.822559
2.378275,3.0012248,2.8263628,2.890351,4.5633645
2.3151011,2.8165882,2.7167013,2.6173697,4.154018
2.111348,2.531135,2.4246938,2.4342513,3.892892
2.3387578,2.885831,2.9665823,3.06739,4.730771
2.2411077,2.7397754,2.6999533,2.7462168,4.0617685
2.3505003,2.8505049,2.8080285,2.8266935,4.3018045
2.43197,3.0299907,3.0270314,3.043519,4.7298455
2.4874854,3.0494225,3.096985,3.093553,4.8761387
2.5235205,3.10366,3.1172576,3.1267242,4.8773823
2.5603406,3.11872,3.095999,3.1805737,4.8663015
2.2441478,2.8350747,2.9638557,2.9736001,4.66951
1.4955487,2.1174293,2.125923,2.2207904,3.155317
1.5422772,2.1307662,2.1299179,2.1698012,3.1015062
1.5441105,2.1251311,2.1329217,2.1823752,3.0783775
1.6397766,2.228146,2.2070987,2.219894,3.1467614
1.7001443,2.3063123,2.294816,2.395693,3.539028
1.6159961,2.2528265,2.34899,2.4406028,3.5189943
1.626584,2.3087268,2.348351,2.4063306,3.418166
1.8280405,2.4868793,2.4377382,2.437336,3.444766
2.1854222,2.964025,2.852318,2.788576,3.8980706
2.013974,2.7269104,2.6415205,2.7190018,3.8344288
1.871285,2.5324745,2.5894198,2.7067924,3.8884923
1.8532739,2.5578146,2.59482,2.6776657,3.9156265
2.2636893,3.1486154,3.1396391,3.301372,4.7878966
2.463879,3.2777748,3.2695236,3.1779723,4.656752
2.436255,3.221012,3.170169,3.0662105,4.5748706
2.2772303,2.84042,2.8219857,2.7302346,4.216344
2.2434597,2.6536705,2.5462382,2.4268157,3.9233243
2.0873568,2.5155568,2.4398818,2.359597,3.7823808
1.975332,2.3599904,2.2115815,2.3095856,3.7934904
1.8842579,2.3533359,2.3336186,2.3085768,3.6229575
2.142272,2.5959632,2.533219,2.5745895,4.0883694
2.212522,2.6235971,2.5263515,2.5553997,4.003302
2.1195712,2.5239103,2.5033226,2.5486565,4.06852
2.1246452,2.4718914,2.4623642,2.4164405,3.8517618
2.039637,2.424005,2.3253472,2.3505974,3.7834725
2.4597445,3.0023758,3.0379333,3.1192036,4.7294617
2.49948,3.0630047,3.0486023,3.0978446,4.801529
2.5754666,3.096985,3.0542085,3.1157255,4.8392067
2.5142953,3.1152744,3.1484203,3.1654272,4.8798923
1.5213078,2.1258183,2.132188,2.197545,3.0952938
1.5427974,2.1170707,2.1085587,2.1804643,3.145501
1.6778036,2.2264712,2.1961865,2.3274431,3.3203766
2.1815236,2.899075,2.7095406,2.715086,3.8773386
2.1358829,2.8306673,2.634161,2.5053256,3.6871781
2.023749,2.7489796,2.5835416,2.4164073,3.601257
1.938144,2.6564922,2.6439447,2.6870492,3.8718257
2.3055727,3.2066352,3.1919465,3.164276,4.4550133
2.5109656,3.2855427,3.2202854,3.0539322,4.6319585
2.4705205,3.1528363,2.9704225,2.815069,4.1355443
2.2765503,2.857519,2.7167277,2.664015,4.24995
2.2536488,2.8070796,2.668999,2.6360567,4.2578115
2.2446022,2.6601608,2.4668999,2.459976,4.01635
2.0644991,2.4089744,2.302623,2.2386575,3.6429896
1.9240336,2.3016002,2.2529914,2.2102225,3.4798176
2.0551314,2.4895966,2.4692328,2.4387486,3.9147336
1.9842049,2.370435,2.4074924,2.5180087,4.032785
2.346481,2.7970731,2.7508647,2.630681,4.108709
2.532782,3.1744065,3.132917,3.020909,4.6687245
2.488973,3.094574,3.0872965,3.0624883,4.758523
2.2827885,2.7870471,2.7388022,2.6973026,3.8980951
2.4214315,2.931891,2.8971317,2.7501054,3.9904542
2.5613194,3.1068282,3.1226013,3.1278253,4.947376
2.5403268,3.1176689,3.0772965,3.1346576,4.908502
2.4676082,3.0222247,2.9568238,3.0725362,4.890162
1.4949214,2.0759888,2.1087017,2.2316458,3.2662957
1.77872,2.4023368,2.6572666,3.0716836,4.429141
1.8992841,2.4854498,2.2509491,2.3083854,3.4552326
1.9354054,2.5103538,2.4514523,2.530925,3.8112829
2.1392834,2.8525894,2.8205984,3.074143,4.5046515
2.3846262,3.164276,3.0809748,3.1523533,4.665439
2.4116492,3.1275737,3.0104785,2.984039,4.490326
2.2831585,2.880598,2.735838,2.5321555,3.8461666
2.050067,2.4503584,2.3793871,2.2756035,3.7069237
1.9975094,2.3486118,2.270032,2.2110314,3.656882
1.7960786,2.2015316,2.27137,2.4107,3.9014916
1.8815216,2.2768896,2.3173153,2.3883078,3.8819716
1.8696709,2.2206616,2.1291459,2.1546712,3.4852734
1.8252562,2.2116973,2.1296985,2.156936,3.4147122
1.8896521,2.2973979,2.2332618,2.32945,3.6732726
2.030949,2.4253142,2.3337915,2.4884539,3.9776816
1.9723436,2.5160966,2.6044803,2.6421947,4.1650515
1.9992396,2.4703913,2.4877312,2.5333884,4.0534034
2.1100726,2.5418892,2.4985285,2.5392237,3.9944928
2.4004984,3.0875661,2.9230094,2.9746606,4.656373
2.545788,3.1123374,3.092454,3.0881915,4.8511243
2.2275953,2.9186337,2.9867349,2.9001193,4.3557987
2.2244618,2.8556073,2.8541517,2.7809138,4.2372527
1.6023223,2.5038095,2.8536386,3.1157,4.409896
2.0242531,2.9899273,3.1395016,3.233561,4.618797
2.1611085,3.130722,3.2346373,3.2963476,4.6674676
2.2530427,3.1386292,3.1973848,3.1893013,4.4950657
2.1542673,3.0255966,3.0267446,3.0271797,4.195334
1.9838421,2.6526284,2.7068217,2.7529767,3.961023
2.2230065,3.093894,3.1506839,3.1533334,4.6400657
2.1198373,2.4628727,2.288811,2.1467223,3.5647957
1.8479183,2.2988021,2.3571782,2.4159212,3.8663518
1.7335058,2.1291459,2.1227787,2.198885,3.4815161
2.2902753,2.7297852,2.6617842,2.708089,4.212066
2.4725912,3.0120316,3.017806,3.0743418,4.7873945
2.5644577,3.0709336,2.9927313,2.924374,4.55296
2.5360608,3.0656514,2.9248595,2.8458374,4.401054
2.30677,2.8495262,2.726449,2.766206,4.3823614
1.4442273,2.101522,2.343009,2.7103088,3.94444
1.4921534,2.222907,2.6380532,3.1026661,4.475002
1.5054564,2.394347,2.8854969,3.2046359,4.537146
1.595319,2.613904,2.9958112,3.1985288,4.4992175
1.6547447,2.7186372,3.050902,3.1412733,4.480252
2.0298412,2.964244,3.0623865,3.1561224,4.44493
2.3523905,3.2346373,3.2128565,3.247332,4.567351
1.9298929,2.5901847,2.7546961,2.7753174,3.8789058
1.7635245,2.2515056,2.2019145,2.2008772,3.2909136
2.3084264,2.9893,2.9240181,2.86704,4.583207
2.2670717,2.8535256,2.8224857,2.8195815,4.5312676
2.157875,2.6546962,2.6784196,2.676997,4.3250675
1.9541214,2.3690298,2.4113903,2.5323873,4.06666
1.9453038,2.370594,2.3023963,2.360555,3.7762208
2.0780873,2.4795525,2.3308465,2.4183013,3.88025
2.2200885,2.7701285,2.849174,2.916646,4.6060777
2.4898427,3.010573,3.0278776,3.0478306,4.749008
2.385695,2.9702547,3.0122259,3.0629952,4.6877465
2.1251788,2.6915095,2.7057543,2.8369284,4.5116305
1.8563453,2.8507936,3.046955,3.2031825,4.5892053
2.2415848,3.0630891,3.0780373,3.0851083,4.343204
2.2898102,3.1637304,3.122867,3.1278658,4.3484206
2.3825707,3.2006624,3.1445305,3.1182618,4.299979
1.8511733,2.345006,2.4651926,2.840229,4.0824614
2.3105893,3.0641434,2.9971402,2.9202082,4.446326
1.8189647,2.1212244,2.078016,2.081628,3.407802
1.7925055,2.091961,2.08205,2.1030862,3.3805375
1.7346153,2.2077622,2.342332,2.4722598,3.8685057
1.8684143,2.2875133,2.2819316,2.4549694,3.9755628
2.0061066,2.4316368,2.4306567,2.499758,3.978608
2.05863,2.4806576,2.4322271,2.5323212,4.012108
2.1332593,2.623519,2.6632965,2.698368,4.22729
2.158802,2.6536329,2.669253,2.6551924,4.2586317
2.3102694,2.8602548,2.837014,2.9049702,4.544433
2.490516,3.04393,3.0570264,3.1053293,4.855627
2.3440795,2.9010904,2.9297924,3.007827,4.6603584
2.1779027,2.5522556,2.246559,1.9396439,4.3043046
2.3982296,2.9197013,2.7214892,2.5054827,4.220467
2.3096905,2.915723,2.8307204,2.8135908,4.3870234
1.9896564,2.4208636,2.293448,2.1441357,3.4003325
2.1171484,2.985641,3.0085301,3.1246135,4.299747
2.280698,3.128585,3.1434662,3.2131748,4.4845552
2.2419083,3.0718029,3.030826,3.014546,4.1538
2.2300146,3.0399199,2.990957,2.980948,4.1222367
2.2806468,3.0903432,3.0108361,3.0723896,4.285497
1.6931051,2.4420404,2.8126059,3.0549061,4.4775224
1.8240026,2.6527987,2.8086228,3.127843,4.573979
2.0847797,2.8310006,2.9427006,3.1678302,4.715696
2.2832212,2.9200108,2.919141,2.8736513,4.4548597
2.3082397,2.7923377,2.7359786,2.602933,4.1656203
2.3392642,2.7595975,2.6180663,2.4639769,3.983832
2.0729306,2.4106293,2.2994041,2.2131405,3.5976605
1.8997804,2.2400403,2.1712506,2.12653,3.438906
2.0923498,2.7083707,2.739335,2.5892856,3.8911738
1.8904142,2.455163,2.5754437,2.558556,4.000021
1.9392326,2.4216132,2.5467324,2.7509413,4.286688
2.0429542,2.5123162,2.5692444,2.776647,4.3384666
2.0881152,2.6078444,2.6240137,2.6992283,4.2859187
2.4989338,3.0570264,3.0713835,3.1176355,4.8392067
2.2784145,2.7994227,2.6791584,2.6295686,4.1213417
2.239634,2.7956855,2.7397926,2.710429,4.1881638
2.320445,2.7821674,2.8802598,3.0118463,4.6343822
2.2695801,2.9010332,2.9739926,2.9721904,4.55625
2.1812103,2.7905774,2.8315816,2.9041872,4.4210424
1.9810373,2.4162292,2.3470402,2.357489,3.7237651
1.8451388,2.2212138,2.112798,2.0664167,3.4300437
2.2940514,3.1117024,3.1128073,3.162593,4.4363346
2.274836,3.1150224,3.115949,3.1248617,4.4160585
2.167984,2.9942634,2.9983628,3.04983,4.3279023
2.0278547,2.844778,3.0094717,3.0350742,4.4484234
2.0713382,2.927524,3.0304747,3.0967553,4.613755
1.9882053,2.2633789,2.1626372,2.2399342,3.6862364
1.7745168,2.1704812,2.1208415,2.1180341,3.3945081
2.2369812,2.696868,2.4653687,2.3418007,3.683095
1.9231088,2.435325,2.5179555,2.6165597,4.0863533
2.0991185,2.6664605,2.7817655,2.8762336,4.48061
2.114352,2.6373096,2.730531,2.8281915,4.458123
2.1194742,2.6331153,2.7571306,2.8487318,4.5055943
2.072632,2.6681404,2.7716043,2.8496003,4.4387336
2.4097483,2.9201124,2.9006112,2.8929765,4.48221
2.3960054,3.028034,3.148361,3.156761,4.901683
2.0281646,1.6798546,1.7702256,1.8937448,4.3354125
2.1841757,1.9957527,1.6966531,1.70235,4.287857
2.1886384,2.6791584,2.3800795,2.2687461,4.231554
2.217199,2.7019045,2.5489223,2.4083123,4.0781426
2.382192,2.9739926,2.9190357,2.808467,4.6158943
2.047143,2.6017716,2.720145,2.7264705,4.412757
1.7175157,2.0943344,2.1566727,2.255481,3.562986
1.5298107,1.8562232,1.6570749,1.7348468,3.0328207
2.1621668,2.9933243,2.9695194,2.993054,4.188075
2.2684977,3.0640655,2.987783,3.0373013,4.3036904
2.2660275,3.1053395,3.0648136,3.1292171,4.364878
2.223437,3.0447128,3.0244174,3.1932864,4.5322638
2.0289457,2.7848194,2.804641,2.8932285,4.1059217
1.919069,2.6244473,2.8133576,2.9016314,4.147574
2.3483498,3.079008,3.045399,2.95959,4.5226326
2.3900378,3.0358505,2.969918,2.8670018,4.4011703
2.2984612,2.8350813,2.8206744,2.7164023,4.1666446
1.5833578,1.9573967,2.0052493,2.1397126,3.4721088
1.9744097,2.3915505,2.3612924,2.5009813,4.0112414
2.2904074,2.7283058,2.7662325,2.8497126,4.4838295
2.1774006,2.6210387,2.5734434,2.5838706,4.168081
2.4912462,2.9966235,2.9064517,2.8778033,4.4373755
2.5344393,3.0768356,2.947103,2.9507415,4.5982385
2.5727797,3.0894806,3.050482,3.03329,4.7547765
2.4194396,3.0662246,3.101039,3.2172453,5.0555215
2.4113545,2.9563594,3.1054103,3.2085218,4.957429
2.3003612,2.0916886,1.7136955,1.6882828,4.2681503
2.3157485,2.872518,2.778095,2.8212292,4.505401
2.2600303,2.8311067,2.759281,2.8912613,4.5643873
2.1689944,2.720145,2.82659,2.9349525,4.476051
1.4552524,1.7003195,1.7569709,1.9292654,3.1339514
2.1961157,3.0179267,2.933206,2.980091,4.1751585
2.127179,2.8979897,2.8968391,2.9318266,4.0679154
2.033943,2.827313,2.813652,2.9084527,4.1458197
2.1822765,2.9576576,2.959454,2.9397438,4.3366847
2.382532,2.9361954,2.8038986,2.6141,3.978789
1.7081344,2.1234717,2.2006776,2.3369977,3.770021
1.9668432,2.3986187,2.413788,2.410347,3.8279817
2.362037,2.8514915,2.760459,2.5730238,3.9504774
2.3178973,2.8370657,2.8544748,2.8903866,4.5098805
2.308391,2.8181105,2.7639463,2.7894661,4.3636374
2.1030498,1.6083695,1.5847449,1.5713779,4.2742834
2.0983083,1.6882828,1.5911516,1.5655526,4.249896
2.1365566,1.9568064,1.6250343,1.6078204,4.2519097
2.2485921,2.7068672,2.5087745,2.2598052,3.9251127
2.2740166,2.7772532,2.7042027,2.8075173,4.314729
2.2541869,2.7420511,2.7790902,2.8505864,4.449677
2.3123157,2.803533,2.8780005,2.8751092,4.5239024
1.6196119,1.9000582,2.0459516,2.2164328,3.3417227
2.0464456,2.8258595,2.864692,2.9567993,4.1501336
2.0784059,2.9498343,2.9388568,2.9922497,4.2585297
2.1812532,3.0301101,2.9863253,3.0288613,4.3154864
2.1932583,3.0388772,3.0252442,3.0893054,4.3661265
2.1951165,3.0644372,3.0854106,3.1578565,4.4659734
2.2930284,3.197124,3.1533053,3.2736237,4.6018314
2.1609385,2.9431236,2.978161,3.0627801,4.2296576
2.1041949,2.9341097,2.9372547,3.0603914,4.1971555
2.0894167,2.8439596,2.8613682,2.9093604,4.0745983
2.042878,2.8375645,2.8284442,2.9838226,4.2169566
2.0597076,2.8752255,2.8751915,3.0257149,4.3396635
2.2115104,2.8507388,2.8269715,2.7364957,4.3167143
2.2853944,2.8215241,2.7212358,2.5798497,3.9757714
2.150802,2.5128589,2.274761,2.209913,3.5495374
1.9436324,2.3208604,2.171431,2.1830342,3.493619
1.8565191,2.2195933,2.109161,2.1475081,3.474613
1.8114188,2.1629896,2.0695844,2.1861043,3.558918
1.8833419,2.229594,2.2446067,2.3305976,3.8372147
1.8049142,2.181551,2.2369366,2.2933562,3.7921758
2.2839108,2.7379966,2.5325434,2.45019,3.8098989
2.1905506,2.6387756,2.5344234,2.5908186,3.97858
2.3672628,2.8981667,2.8766177,2.8202431,4.341867
2.1753736,2.6320488,2.7402713,2.846747,4.4900966
2.1240487,2.5386543,2.5905678,2.6964157,4.354219
2.132558,2.539697,2.5778651,2.6952012,4.343079
2.3004582,2.734968,2.7341256,2.6766922,4.1807566
2.3929002,2.9635708,2.998656,3.0657709,4.74881
2.548594,3.1191475,3.1272726,3.2190099,4.9205666
2.5860257,3.1757517,3.154037,3.196151,4.9489484
2.5757742,3.1717293,3.1304832,3.1284158,4.805882
2.621071,3.146843,3.0742447,3.085124,4.851393
2.3316555,2.88797,2.952922,2.9202032,4.61722
2.1865337,2.5447094,2.6832876,2.542269,4.544312
2.1724234,1.6041968,1.6001912,1.6107434,4.2090554
2.2251027,2.684383,2.666273,2.6009874,4.0186815
2.3245223,2.8631744,2.757576,2.6440597,4.333568
1.6660333,2.233602,2.3509092,2.5314004,3.8010335
2.088261,2.8960252,2.8937662,2.8860924,4.0143285
2.1550636,2.9326363,2.8904495,2.8595335,3.9878035
2.2371356,3.014482,2.9669373,3.0753682,4.406072
2.1627517,2.8399181,2.823881,2.8295734,4.394806
2.1893227,2.7801733,2.7887733,2.7415016,4.3055134
1.8279577,2.1216702,2.108861,2.160827,3.5537968
1.7758682,2.148024,2.1925812,2.3155408,3.6986103
1.8380778,2.2324255,2.234483,2.2990065,3.7508233
1.8743836,2.2643886,2.261272,2.3360586,3.824458
1.689311,2.109491,2.1200364,2.1857898,3.5056386
1.9408454,2.3634696,2.3593218,2.503611,3.9678347
2.0379343,2.4591136,2.4347901,2.5645442,3.988398
2.3362815,2.8412688,2.8299334,2.805984,4.3390255
2.1856549,2.6504982,2.6900744,2.7383344,4.3650556
2.2406669,2.6522734,2.6067815,2.5707352,4.077485
2.2033868,2.6927373,2.6315308,2.6975427,4.26733
2.5645766,3.136735,3.1311958,3.121707,4.8879395
2.5346549,3.067573,3.0498226,3.1817005,4.961151
2.5453107,3.039707,3.068048,3.176867,4.8933587
2.4227097,2.952922,2.920466,2.8341768,4.4063144
2.0826573,1.971366,2.4729147,2.504515,4.306992
2.0841143,1.71863,2.0416958,2.3111537,4.2451153
2.1277308,1.6107434,1.6892402,1.8338134,4.269312
2.1505184,1.6229348,1.6712306,1.6985654,4.191516
2.0895288,1.5940224,1.6486862,1.6961839,4.0878186
2.1314335,1.997692,1.9237959,2.1634061,3.7933943
2.0519934,2.4416955,2.3065636,2.3326974,3.7667906
2.24009,2.7201998,2.5934007,2.4592125,4.131558
1.9694248,2.5277221,2.48071,2.4562368,4.069673
2.0708544,2.8527756,2.8266265,2.9825325,4.161062
2.0365815,2.8023484,2.8031416,2.9383016,4.061935
2.2796605,3.1190119,3.0998678,3.1409395,4.411431
2.3555586,3.1967854,3.151768,3.0824082,4.3193755
2.167325,2.9668238,2.9337318,3.010021,4.2229853
2.124397,2.9447377,2.9277875,3.0237093,4.228416
2.1854415,3.0066216,3.0259674,3.0304055,4.375237
1.7802236,2.1395683,2.0866187,2.1167414,3.4755464
1.8840592,2.2585473,2.2763703,2.33107,3.7267878
1.9276576,2.2638779,2.205236,2.206982,3.5147903
1.9047769,2.312939,2.3667574,2.596565,4.0379243
1.9449441,2.419637,2.4112697,2.5192196,3.9810314
1.9845005,2.5234025,2.6317434,2.8202624,4.2809477
2.2452006,2.7695143,2.7310777,2.742378,4.137656
2.2603407,2.6850235,2.620899,2.527185,3.8003135
2.247069,2.6474555,2.5554967,2.650929,4.1181927
2.2956772,2.8011236,2.7832654,2.846057,4.457426
2.2230983,2.65249,2.6656592,2.7834158,4.4232697
2.3955371,2.9565463,2.900927,2.961948,4.6161947
2.480115,3.083555,3.0177975,3.038858,4.6315494
2.5505636,3.0518417,2.9934406,2.7748158,4.2591
2.156848,1.7322534,2.0090551,2.3692555,4.1138015
2.1378136,1.7881578,2.1253152,2.17253,3.922709
2.0557976,1.9045919,2.1378834,2.1476283,3.8301923
2.0583496,2.4837372,2.4367049,2.3136234,4.1277356
2.1104999,2.4793482,2.398817,2.2758024,4.1745863
2.1686392,2.44594,2.3491447,2.2518377,4.244187
2.1501052,2.45924,2.3290808,2.3387713,4.230298
1.8143286,2.5427525,2.675448,2.7381365,3.9474304
1.6048156,2.2505846,2.3344183,2.5178783,3.5831492
2.094115,2.9148376,2.9152057,2.995025,4.1600466
1.7716142,2.032149,2.065778,2.1452425,3.5702267
1.7555468,2.0982678,2.109395,2.1701777,3.5993834
1.8774623,2.2833574,2.2780378,2.3093781,3.733373
1.9100919,2.2530456,2.2308502,2.2538095,3.5580916
1.7193968,2.1218662,2.1356292,2.2503803,3.5709858
2.0214686,2.6708086,2.7003849,2.6430333,4.076314
2.0365558,2.711893,2.7193964,2.6471803,4.064589
2.090454,2.5409572,2.5036492,2.5689375,4.0587845
2.1899862,2.7464993,2.6550245,2.5798805,4.0276866
2.1989539,2.6395805,2.722944,2.8567777,4.6346936
2.136674,2.5729823,2.7060149,2.8364146,4.5411096
2.3549814,2.8911464,2.9214349,2.969299,4.5642157
2.5817902,3.0888858,2.9615204,2.942271,4.6955714
2.4457676,2.9044547,2.703616,2.7907357,4.5108314
2.1455252,2.5951734,2.6103866,2.651659,4.2032905
2.1730409,2.074528,2.290282,2.3339252,4.222346
2.0984924,2.1438026,2.261071,2.2683704,4.127037
1.8672924,2.1462796,2.137828,2.1096902,3.6710005
2.0914934,2.2789178,2.2748756,2.2945535,3.88286
1.8618561,2.474251,2.5333412,2.6997066,3.9805884
1.7792771,2.3556244,2.498,2.7483923,3.9877608
2.0918307,2.9120483,2.8741128,2.862764,3.9678552
2.0993214,2.912163,2.8847952,2.9245112,4.0935044
2.0448618,2.822236,2.887632,2.910217,4.0733356
2.013412,2.811811,2.8349676,2.8938212,4.048667
2.1590583,3.0231528,3.1099563,3.235781,4.4720407
2.1510258,3.0114024,3.063581,3.1809225,4.3850474
2.1493924,2.971363,3.0074177,3.10184,4.2934895
2.1297677,2.9774065,2.981864,3.0075328,4.245194
2.1336246,2.954428,2.9437075,2.9908829,4.187701
1.9173293,2.3437815,2.4057968,2.3669243,3.8537354
1.7493799,2.0865972,2.151532,2.148021,3.667526
1.9388268,2.3795433,2.411517,2.5117564,4.039815
2.1772025,2.744763,2.6751106,2.5978556,4.045506
2.172338,2.6695905,2.5259855,2.5506554,4.0117664
2.1970813,2.7003849,2.5628521,2.6020293,4.1219068
2.1562293,2.7110362,2.5880947,2.6025858,4.016303
2.1682377,2.690763,2.5869446,2.5510428,3.873579
2.2168028,2.7071126,2.6607435,2.8548772,4.539592
2.1483557,2.7389922,2.8926845,2.9268847,4.576074
2.3932045,3.0094647,2.9971976,3.085987,4.7213025
2.4683905,3.0137267,2.9756277,3.1016037,4.77098
2.3481238,2.8899732,2.9756002,3.090073,4.764024
2.168122,2.7241054,2.8786545,2.9557643,4.6754594
2.0593657,2.5934875,2.7036285,2.7091897,4.365671
2.0850127,2.3339252,2.3578112,2.3769214,4.136201
1.8337352,2.1370242,2.0449982,1.9601325,3.445145
2.1121905,2.3860798,2.3096907,2.2675836,3.9717963
2.0718706,2.5484674,2.3869448,2.4244542,4.1332407
2.1435268,2.919002,2.815551,2.8274443,3.985178
2.0963938,2.887632,2.8078206,2.858584,4.0344863
2.0585408,2.8147578,2.8032389,2.9647202,4.134491
2.1786256,3.0603077,3.1368997,3.3030157,4.652678
2.26269,3.124755,3.1603026,3.1620305,4.3706584
2.2145722,3.0649974,3.0850024,3.081432,4.228197
2.1947758,2.981864,2.9281297,2.9866552,4.15982
2.0919886,2.8948836,2.9191587,3.04111,4.341037
2.215114,2.977004,2.9301438,2.908976,4.3318257
2.0377152,2.4057968,2.3295863,2.2997737,3.81215
1.710293,2.1225219,2.1972616,2.274265,3.6047077
2.0859704,2.5749552,2.4653952,2.4490795,3.8604724
2.0806985,2.5798218,2.5729733,2.5234637,3.9218557
2.0371265,2.5133574,2.5160015,2.4804537,3.8732445
2.015722,2.441898,2.4859383,2.6560168,4.1639075
2.0791616,2.5635583,2.5877192,2.560197,3.998419
2.0353293,2.5369387,2.5288417,2.4777718,3.800984
2.1250603,2.583483,2.4332457,2.4502084,3.8424773
2.0837314,2.4851549,2.3118138,2.5137682,4.054241
1.8262948,2.3117266,2.3820698,2.6208608,4.231567
1.8162824,2.3455086,2.5355082,2.795276,4.436617
1.9758928,2.5475078,2.7217703,2.9472911,4.5945716
2.2900012,2.8427331,2.9122953,3.027395,4.63884
2.421678,2.8926845,2.9558382,3.048204,4.7339435
2.343873,2.9517632,3.0276306,3.1081786,4.7050476
2.3570173,3.009454,3.0632117,3.1310217,4.832467
2.3672993,2.9890056,3.0721824,3.1032684,4.693363
2.0524423,2.5406506,2.5637994,2.710183,4.238149
2.2332609,2.630373,2.6774242,2.950994,4.4956594
2.1592772,2.7036285,2.756208,2.891979,4.4611006
2.0767467,2.3432736,2.3789284,2.4330692,3.9506755
1.868061,2.1279252,2.1224651,2.1976573,3.8073065
1.7101061,1.9889762,1.9358885,1.8149794,3.3634148
1.6936196,2.0038235,1.8419912,1.7399193,3.3051515
1.7777461,2.064871,1.8605518,1.9008332,3.4236333
2.1226094,2.383074,2.3661702,2.4935892,4.1275296
2.0302112,2.7819462,2.7610028,2.850543,4.0049777
2.048154,2.7763064,2.7835233,2.9534528,4.1755157
2.0521579,2.835645,2.8682845,3.1276133,4.4748583
2.1457872,3.074495,3.2189379,3.3638098,4.743872
1.8932971,2.2606928,2.2267199,2.2398481,3.6558292
1.8426954,2.1883657,2.2012405,2.2364953,3.7085128
1.7521191,2.155784,2.2420442,2.3622408,3.868812
1.766957,2.1435204,2.2092519,2.366784,3.8466187
1.7665336,2.1593935,2.2422574,2.3514216,3.7726598
2.0045526,2.405396,2.3469718,2.3485944,3.7482965
1.9649345,2.439938,2.4946873,2.5909836,3.9870362
1.9945124,2.5461833,2.581138,2.6189618,4.052932
2.0733223,2.638468,2.6125135,2.5459285,3.9292133
1.8932148,2.3883834,2.599592,2.8277824,4.4465857
1.9460217,2.538246,2.7015035,2.8114004,4.4545856
2.1560245,2.8057616,2.9161062,3.0107899,4.65722
2.2670474,2.797597,2.8574035,3.0274608,4.635329
2.1401842,2.7934344,2.993669,3.296686,4.890773
2.198676,2.6999006,2.749097,2.7994058,4.002023
2.036401,2.350243,2.3790948,2.4220603,3.7678704
2.03754,2.3140776,2.3459053,2.4368148,3.822581
1.8642969,2.1996768,2.3220587,2.404291,3.8716762
1.8007809,2.1424932,2.2220287,2.2527764,3.7869337
1.754999,2.0283623,2.0653164,2.0375462,3.5802464
1.70409,1.8593204,1.8601972,1.8797398,3.4220724
1.945949,2.247351,2.3307097,2.3507962,4.181238
2.1282952,2.6712143,2.6512606,2.681554,4.07077
1.9808764,2.6961474,2.6919723,2.7280006,3.9940758
1.973296,2.639971,2.6124992,2.7062736,3.9345858
2.2071111,2.9810016,3.020922,3.1102908,4.685631
1.9319887,2.2357695,2.1859975,2.233498,3.7471752
1.9390974,2.2012405,2.1841967,2.3008237,3.7965984
1.8648436,2.2302203,2.2991922,2.3790536,3.8830771
1.9480217,2.3294911,2.3632088,2.4316792,3.9150426
1.9529957,2.333699,2.2732997,2.3054967,3.683184
1.9444084,2.3110483,2.2723942,2.3785462,3.7470357
1.978924,2.383858,2.370931,2.5956097,4.053641
2.076139,2.5778723,2.5343745,2.5969162,4.0701838
2.1129887,2.5682063,2.5034623,2.591481,4.1962085
1.969013,2.3921514,2.562001,2.7824192,4.400349
1.8932501,2.6183944,2.7806714,2.9234192,4.561635
2.2498603,2.8261318,2.8960695,3.0473325,4.6508355
2.439673,3.0714571,3.047114,3.0559464,4.7194433
2.46162,3.0747392,3.0336063,3.044865,4.7266297
2.436223,3.076416,3.08792,3.1537333,4.9164367
2.4171674,3.0118477,3.0845516,3.1852975,4.8574862
2.0189047,2.3757167,2.368254,2.4899058,3.9855738
1.9667646,2.3459053,2.4153793,2.5712063,4.0749364
1.9468533,2.336191,2.4510384,2.5707333,4.169338
1.6750802,1.7764696,1.9442369,2.1892054,3.7810428
1.641102,1.7216998,1.8859656,2.1266854,3.646388
2.0293143,2.3507962,2.3193758,2.3488607,4.2534018
2.0581381,2.9647813,3.0831604,3.3419642,4.7567897
2.015313,2.7570632,2.768485,2.8354087,4.0453644
2.2558932,3.032803,3.0259347,3.0926955,4.480681
2.1100323,2.5654597,2.6472921,2.673688,4.281886
1.949945,2.3477943,2.4642677,2.571287,4.169299
1.866821,2.2055213,2.2467017,2.3096855,3.7992141
1.9986037,2.318587,2.2910764,2.2932966,3.7868965
2.0028737,2.3632088,2.3392935,2.3056312,3.7489636
1.7895706,2.1466541,2.182707,2.2526405,3.6472254
1.7038515,2.1102192,2.12254,2.177651,3.5175264
1.9249607,2.43113,2.5688686,2.7053602,4.24612
2.0270739,2.5419583,2.564929,2.6827781,4.1915164
2.137986,2.7786574,2.8580039,2.989404,4.551119
2.2624626,2.8233917,2.9299326,3.0341473,4.6170416
2.2738998,2.8789392,3.0022244,3.0778885,4.685175
2.410304,3.0993533,3.10912,3.1318927,4.6993437
2.4127736,3.1425812,3.1651895,3.0816195,4.562904
2.528914,3.2602475,3.2170055,3.147664,4.8089275
2.3957536,3.1656678,3.0961516,2.9661005,4.3763657
1.9192821,2.4345925,2.4533832,2.5541294,4.086206
1.9276195,2.4547849,2.5409508,2.5727694,4.1330914
1.6711259,1.9859749,2.1670904,2.3076503,3.7250395
1.78375,2.1477847,2.2301924,2.401361,3.672847
1.9676481,2.2780797,2.3756437,2.4978127,4.2411356
2.108756,2.410334,2.5072885,2.716148,4.4225974
2.1176746,2.9537742,3.0168831,3.0901585,4.403101
2.2583547,3.0453777,3.0811107,3.22761,4.544468
2.334386,2.9060473,2.9216902,3.0528543,4.7896447
2.1770015,2.6560965,2.7499406,2.869459,4.647501
2.1129901,2.498196,2.6273823,2.740795,4.454491
1.944867,2.3164241,2.2123878,2.2663133,3.718784
1.8956562,2.2428067,2.2563396,2.3145494,3.7675028
1.8900255,2.3254576,2.3601325,2.4884841,3.922132
1.9805264,2.480261,2.507928,2.572577,4.0775113
2.2957058,2.8725224,2.9464128,3.0324862,4.7046957
2.3720436,2.9418008,2.9746594,3.0115452,4.576167
2.4100668,3.0151644,3.008184,3.0631864,4.7093415
2.421605,2.9850996,2.985566,3.0273776,4.6739216
2.4330952,3.0001903,2.9757435,3.0124621,4.6122212
2.453068,2.9766018,2.9653356,2.9945154,4.546792
2.4249337,2.967651,2.966988,2.9649458,4.5791173
2.4924402,3.1412778,3.0516577,2.897456,4.514868
2.5003474,3.1199248,3.007069,2.8323257,4.2264123
2.5724616,3.2868946,3.0757222,2.8334439,4.327763
2.0594192,2.549269,2.5980563,2.6759415,4.2399855
1.9413612,2.3491764,2.4189754,2.565069,4.051988
1.8332016,2.2284348,2.371821,2.4890091,3.89289
1.9221914,2.3158348,2.4386203,2.4899685,3.759253
2.024488,2.3578985,2.4816995,2.5638964,3.958372
